Video,Annotator,Port Placement,,,,,,Fundus Retraction,,Release of Gallbladder Peritoneum,,,,,,Dissection of Calot's Triangle,,,,,,CVS,Checkpoint 1,,Clipping Cystic Duct,,Clipping Cystic Artery,,Division Cystic Artery,,Division Cystic Duct,,Checkpoint 2,,Removal of Gallbladder from Liver Bed,,,,,,Bagging of Gallbladder,
,,Port Placement 1 Start time,Port Placement 1 End Time,Port Placement 2 Start time,Port Placement 2 End time,Port Placement 3 Start time,Port Placement 3 End time,Fundus Retraction Start time,Fundus Retraction End Time,Release of Gallbladder Peritoneum 1 Start time,Release of Gallbladder Peritoneum 1 End Time,Release of Gallbladder Peritoneum 2 Start time,Release of Gallbladder Peritoneum 2 End time,Release of Gallbladder Peritoneum 3 Start time,Release of Gallbladder Peritoneum 3 End time,Dissection of Calot's Triangle 1 Start time,Dissection of Calot's Triangle 1 End Time,Dissection of Calot's Triangle 2 Start time,Dissection of Calot's Triangle 2 End time,Dissection of Calot's Triangle 3 Start time,Dissection of Calot's Triangle 3 End time,CVS,Checkpoint 1 Start Time,Checkpoint 1 End Time,Clipping Cystic Duct Start Time,Clipping Cystic Duct End Time,Clipping Cystic Artery Start Time,Clipping Cystic Artery End Time,Division Cystic Artery Start Time,Division Cystic Artery End Time,Division Cystic Duct Start Time,Division Cystic Duct End Time,Checkpoint 2 Start Time,Checkpoint 2 End Time,Removal of Gallbladder from Liver Bed 1 Start time,Removal of Gallbladder from Liver Bed 1 End Time,Removal of Gallbladder from Liver Bed 2 Start time,Removal of Gallbladder from Liver Bed 2 End time,Removal of Gallbladder from Liver Bed 3 Start time,Removal of Gallbladder from Liver Bed 3 End time,Bagging of Gallbladder Start Time,Bagging of Gallbladder End Time
LC105,Ground Truth,0:06:17,0:06:20,N/A,N/A,N/A,N/A,0:07:14,0:08:21,0:08:23,0:10:54,0:14:25,0:20:43,0:22:48,0:23:33,0:20:45,0:22:41,0:23:40,0:24:25,N/A,N/A,0:24:33,0:24:43,0:24:57,0:25:14,0:26:04,0:26:59,0:27:05,0:27:19,0:27:31,0:26:16,0:26:20,0:27:31,0:27:33,0:27:35,0:32:26,N/A,N/A,N/A,N/A,N/A,N/A
LC105,Resident E,0:06:18,0:06:20,N/A,N/A,N/A,N/A,0:07:16,0:08:20,0:08:26,0:10:52,0:14:45,0:20:45,N/A,N/A,0:20:52,0:24:44,N/A,N/A,N/A,N/A,0:24:33,0:24:44,0:24:53,0:25:15,0:26:03,0:26:59,0:27:20,0:27:20,0:27:31,0:26:15,0:26:20,0:27:30,0:27:33,0:27:30,0:32:26,N/A,N/A,N/A,N/A,N/A,N/A
LC105,Layperson 1,0:06:17,0:06:18,N/A,N/A,N/A,N/A,0:07:15,0:08:23,0:08:23,0:21:00,N/A,N/A,N/A,N/A,0:21:02,0:24:33,N/A,N/A,N/A,N/A,N/A,0:24:40,0:24:54,0:26:59,0:27:05,0:25:14,0:26:04,0:26:15,0:26:20,0:27:15,0:27:19,0:27:27,0:27:34,0:28:00,0:32:36,N/A,N/A,N/A,N/A,N/A,N/A
LC105,AMT16,0:13:35,0:13:57,N/A,N/A,N/A,N/A,0:13:58,0:14:19,0:14:20,0:14:37,0:14:38,0:19:00,0:19:01,0:19:33,0:19:34,0:19:42,0:19:41,0:20:08,0:20:09,0:22:39,0:22:40,0:22:41,0:25:07,0:25:08,0:25:52,0:25:53,0:26:05,0:26:06,0:27:05,0:27:06,0:27:30,0:27:31,0:28:17,0:28:18,0:28:29,0:28:30,0:28:54,0:28:55,0:32:42,0:32:43,0:32:53
,,,,,,,,,,,,,,,,,,,,,,,,,,,,,,,,,,,,,,,,,,
LC107,Ground Truth,0:04:44,0:05:00,N/A,N/A,N/A,N/A,0:05:05,0:06:30,0:06:30,0:21:41,N/A,N/A,N/A,N/A,0:21:10,0:25:10,N/A,N/A,N/A,N/A,0:25:07,0:25:11,0:25:19,0:25:31,0:26:20,0:26:59,0:27:04,0:27:17,0:27:29,0:26:36,0:26:42,0:27:29,0:27:34,0:27:34,0:31:00,N/A,N/A,N/A,N/A,N/A,N/A
LC107,Resident B,0:04:45,0:04:48,N/A,N/A,N/A,N/A,0:05:05,0:06:30,0:06:30,0:21:41,N/A,N/A,N/A,N/A,0:21:41,0:25:11,N/A,N/A,N/A,N/A,0:25:07,0:25:11,0:25:19,0:25:32,0:26:23,0:27:00,0:27:10,0:27:17,0:27:29,0:26:36,0:26:42,0:27:29,0:27:34,0:27:34,0:30:43,N/A,N/A,N/A,N/A,N/A,N/A
LC107,Layperson 1,0:04:45,0:04:51,N/A,N/A,N/A,N/A,0:05:06,0:06:22,0:06:22,0:16:30,0:18:20,0:21:39,N/A,N/A,0:21:39,0:25:11,N/A,N/A,N/A,N/A,N/A,0:25:12,0:25:20,0:26:57,0:27:06,0:25:31,0:26:24,0:26:36,0:26:43,0:27:18,0:27:29,0:27:29,0:27:34,0:27:34,0:30:58,N/A,N/A,N/A,N/A,N/A,N/A
LC107,AMT34,0:03:46,0:04:05,0:04:56,0:05:46,0:06:07,0:07:10,0:07:10,0:08:20,0:09:11,0:10:07,0:11:30,0:12:25,0:13:10,0:14:40,0:15:10,0:16:10,0:17:10,0:18:20,0:19:10,0:20:10,0:21:10,0:22:10,0:23:10,0:24:10,0:25:20,0:26:10,0:27:10,0:28:10,0:29:10,0:29:10,0:29:50,0:29:51,0:29:59,0:30:10,0:32:20,N/A,N/A,N/A,N/A,0:32:21,0:40:38
,,,,,,,,,,,,,,,,,,,,,,,,,,,,,,,,,,,,,,,,,,
LC11,Ground Truth,0:03:45,0:04:50,0:05:30,0:05:51,N/A,N/A,0:06:40,0:09:33,0:09:33,0:18:45,N/A,N/A,N/A,N/A,0:18:45,0:20:20,N/A,N/A,N/A,N/A,N/A,0:20:25,0:20:50,0:21:55,0:22:47,0:20:37,0:20:38,0:20:55,0:21:00,0:23:00,0:23:05,0:23:09,0:23:16,0:23:07,0:33:05,N/A,N/A,N/A,N/A,0:34:58,0:36:14
LC11,Resident C,0:04:40,0:04:45,0:05:45,0:05:51,N/A,N/A,0:06:40,0:09:33,0:09:33,0:17:55,N/A,N/A,N/A,N/A,0:17:55,0:20:30,N/A,N/A,N/A,N/A,N/A,0:20:25,0:20:50,0:21:55,0:22:47,0:20:37,0:20:38,0:20:55,0:21:00,0:23:00,0:23:05,0:23:09,0:23:16,0:23:07,0:32:49,N/A,N/A,N/A,N/A,0:34:58,0:36:14
LC11,Layperson 1,0:03:37,0:03:43,0:04:42,0:04:45,0:05:46,0:05:51,0:06:55,0:09:33,0:09:44,0:17:35,N/A,N/A,N/A,N/A,0:17:35,0:20:00,N/A,N/A,N/A,N/A,0:20:23,0:20:23,0:20:33,0:20:35,0:20:39,0:21:54,0:22:48,0:22:57,0:23:05,0:20:56,0:20:59,0:23:05,0:23:17,0:23:17,0:27:29,0:28:27,0:31:45,0:32:31,0:32:50,0:34:59,0:36:14
LC11,AMT13,0:02:58,0:03:42,0:03:43,0:04:42,0:04:43,0:06:39,0:06:40,0:07:28,0:07:29,0:09:30,0:09:31,0:11:47,0:11:48,0:12:07,0:12:08,0:12:43,0:12:44,0:14:34,0:14:35,0:20:32,0:20:33,0:20:34,0:21:00,0:21:01,0:22:49,0:22:50,0:22:56,0:22:57,0:23:28,0:23:29,0:24:38,0:24:39,0:25:59,0:26:00,0:27:37,0:27:38,0:30:42,0:30:43,0:33:28,0:33:29,0:36:26
,,,,,,,,,,,,,,,,,,,,,,,,,,,,,,,,,,,,,,,,,,
LC111,Ground Truth,0:05:36,0:05:40,N/A,N/A,N/A,N/A,0:06:15,0:06:49,0:06:50,0:14:39,N/A,N/A,N/A,N/A,0:14:44,0:16:50,N/A,N/A,N/A,N/A,N/A,0:16:48,0:17:02,0:18:43,0:20:03,0:17:12,0:17:16,0:17:30,0:17:41,0:20:16,0:20:21,0:20:21,0:20:36,0:20:40,0:22:47,N/A,N/A,N/A,N/A,0:24:24,0:25:22
LC111,Resident E,0:05:38,0:05:43,N/A,N/A,N/A,N/A,0:06:15,0:07:05,0:07:05,0:13:48,N/A,N/A,N/A,N/A,0:13:48,0:16:50,N/A,N/A,N/A,N/A,N/A,0:16:48,0:17:07,0:17:11,0:17:19,0:18:43,0:20:01,0:17:29,0:17:41,0:20:17,0:20:21,0:20:21,0:20:35,0:20:40,0:22:49,N/A,N/A,N/A,N/A,0:24:10,0:25:26
LC111,Layperson 1,0:05:37,0:05:40,N/A,N/A,N/A,N/A,0:06:16,0:06:48,0:06:48,0:15:00,N/A,N/A,N/A,N/A,0:15:00,0:17:02,N/A,N/A,N/A,N/A,N/A,0:16:50,0:17:02,0:18:44,0:20:03,0:17:11,0:17:16,0:17:30,0:17:40,0:20:16,0:20:20,0:20:20,0:20:40,0:20:40,0:21:32,0:22:30,0:22:47,N/A,N/A,0:24:11,0:25:20
LC111,AMT3,0:04:57,0:05:13,0:05:14,0:05:38,0:05:39,0:06:12,0:06:13,0:06:49,0:06:50,0:08:41,0:08:42,0:09:47,0:09:48,0:11:36,0:11:36,0:14:22,0:14:23,0:16:23,0:16:24,0:17:00,0:17:01,0:17:01,0:17:17,0:17:18,0:17:44,0:17:45,0:19:38,0:19:39,0:20:00,0:20:01,0:20:24,0:20:25,0:20:29,0:20:30,0:21:35,0:21:36,0:22:01,0:22:02,0:24:46,0:24:47,0:26:18
,,,,,,,,,,,,,,,,,,,,,,,,,,,,,,,,,,,,,,,,,,
LC112,Ground Truth,0:04:50,0:05:10,N/A,N/A,N/A,N/A,0:05:16,0:06:52,0:06:52,0:12:42,N/A,N/A,N/A,N/A,0:12:42,0:18:25,N/A,N/A,N/A,N/A,N/A,0:18:23,0:18:25,0:18:43,0:19:50,N/A,N/A,0:21:12,0:21:30,0:20:42,0:20:45,0:21:29,0:21:52,0:21:58,0:28:11,N/A,N/A,N/A,N/A,N/A,N/A
LC112,Resident C,0:04:46,0:04:47,N/A,N/A,N/A,N/A,0:05:18,0:06:52,0:06:52,0:12:42,N/A,N/A,N/A,N/A,0:12:40,0:18:20,N/A,N/A,N/A,N/A,N/A,0:18:20,0:18:25,0:18:43,0:19:50,N/A,N/A,0:21:09,0:21:23,0:20:42,0:20:45,0:21:29,0:21:52,0:21:58,0:28:11,N/A,N/A,N/A,N/A,N/A,N/A
LC112,Layperson 1,0:04:46,0:05:10,N/A,N/A,N/A,N/A,0:05:16,0:06:52,0:06:52,0:15:56,N/A,N/A,N/A,N/A,0:16:36,0:18:21,N/A,N/A,N/A,N/A,N/A,0:18:23,0:18:31,0:18:39,0:19:45,N/A,N/A,0:21:04,0:21:15,0:20:35,0:20:43,0:21:15,0:21:52,0:21:52,0:28:12,N/A,N/A,N/A,N/A,N/A,N/A
LC112,AMT34,0:00:00,0:03:36,0:04:10,0:05:10,0:05:50,0:06:36,0:07:50,0:08:25,0:09:36,0:10:35,0:11:05,0:11:30,0:11:50,0:12:00,0:12:19,0:13:36,0:14:50,N/A,N/A,N/A,0:13:45,0:15:36,0:16:50,0:17:46,0:18:36,0:19:36,0:20:36,0:21:01,0:22:05,0:24:01,0:25:46,0:26:06,0:27:01,0:28:01,0:28:40,N/A,N/A,N/A,N/A,0:29:08,0:31:02
,,,,,,,,,,,,,,,,,,,,,,,,,,,,,,,,,,,,,,,,,,
LC113,Ground Truth,0:03:50,0:04:10,N/A,N/A,N/A,N/A,0:04:21,0:05:54,0:05:54,0:12:51,N/A,N/A,N/A,N/A,0:13:03,0:23:36,N/A,N/A,N/A,N/A,0:23:11,0:23:35,0:23:43,0:23:51,0:24:47,0:25:47,0:25:56,0:26:13,0:26:32,0:25:02,0:25:07,0:26:32,0:26:35,0:26:35,0:37:03,N/A,N/A,N/A,N/A,N/A,N/A
LC113,Resident D,0:03:50,0:04:07,N/A,N/A,N/A,N/A,0:04:21,0:05:54,0:05:54,0:12:51,N/A,N/A,N/A,N/A,0:12:51,0:23:35,N/A,N/A,N/A,N/A,0:23:11,0:23:35,0:23:43,0:23:51,0:24:47,0:25:47,0:25:56,0:26:13,0:26:32,0:25:02,0:25:07,0:26:32,0:26:35,0:26:35,0:37:03,N/A,N/A,N/A,N/A,N/A,N/A
LC113,Layperson 5,0:03:53,0:03:54,N/A,N/A,N/A,N/A,0:04:23,0:05:52,0:05:52,0:10:00,0:18:41,0:20:13,N/A,N/A,0:20:13,0:23:36,N/A,N/A,N/A,N/A,N/A,0:23:34,0:23:40,0:25:48,0:25:56,0:23:52,0:24:47,0:25:03,0:25:08,0:26:21,0:26:31,0:26:31,0:26:41,0:26:41,0:37:06,N/A,N/A,N/A,N/A,N/A,N/A
LC113,AMT14,0:03:10,0:03:58,N/A,N/A,N/A,N/A,0:04:00,0:22:42,0:06:40,0:13:12,N/A,N/A,N/A,N/A,0:04:12,0:17:10,N/A,N/A,N/A,N/A,0:03:35,0:04:00,0:05:45,0:23:50,0:01:54,0:01:53,0:01:59,0:01:57,0:02:32,0:01:09,0:02:39,0:03:22,0:03:24,0:07:50,0:12:56,N/A,N/A,N/A,N/A,0:07:19,0:18:25
,,,,,,,,,,,,,,,,,,,,,,,,,,,,,,,,,,,,,,,,,,
LC12,Ground Truth,0:01:32,0:01:43,0:02:27,0:03:06,0:04:04,0:04:11,0:05:19,0:07:36,0:07:40,0:17:50,N/A,N/A,N/A,N/A,0:17:50,0:30:40,N/A,N/A,N/A,N/A,0:30:40,0:31:06,0:31:08,0:31:12,0:32:22,0:34:04,0:34:22,0:34:33,0:34:34,0:32:34,0:32:43,0:34:43,0:34:39,0:34:39,0:40:56,N/A,N/A,N/A,N/A,0:41:48,0:42:24
LC12,Resident C,0:01:29,0:01:43,0:03:02,0:03:06,0:04:04,0:04:11,0:05:18,0:07:37,0:07:36,0:17:47,N/A,N/A,N/A,N/A,0:17:48,0:29:44,N/A,N/A,N/A,N/A,0:30:41,0:31:04,0:31:08,0:31:12,0:32:22,0:34:04,0:34:22,0:34:33,0:34:34,0:32:34,0:32:43,0:34:43,0:34:39,0:34:39,0:40:56,N/A,N/A,N/A,N/A,0:41:48,0:42:24
LC12,Layperson 2,0:00:33,0:00:36,0:01:22,0:01:43,0:01:54,0:03:08,0:04:20,0:07:36,0:07:37,0:25:08,N/A,N/A,N/A,N/A,0:25:08,0:31:04,N/A,N/A,N/A,N/A,N/A,0:31:03,0:31:08,0:34:04,0:34:23,0:31:12,0:32:23,0:32:33,0:32:45,0:34:30,0:34:35,0:34:35,0:34:59,0:34:59,0:41:40,N/A,N/A,N/A,N/A,0:41:48,0:42:43
LC12,AMT2,0:00:05,0:02:50,N/A,N/A,N/A,N/A,0:06:30,0:25:15,0:19:15,0:25:21,0:34:10,0:36:20,0:43:10,0:46:10,0:36:01,0:40:07,0:41:10,0:45:14,0:50:17,0:53:05,0:39:01,0:35:05,0:43:20,0:47:13,0:51:25,0:39:16,0:43:25,0:45:11,0:49:10,0:46:22,0:54:12,0:35:10,0:39:15,0:20:13,0:25:25,0:34:18,0:37:14,0:40:15,0:48:25,0:50:10,0:55:25
,,,,,,,,,,,,,,,,,,,,,,,,,,,,,,,,,,,,,,,,,,
LC123,Ground Truth,0:02:39,0:02:43,N/A,N/A,N/A,N/A,0:06:30,0:07:20,0:07:20,0:09:37,N/A,N/A,N/A,N/A,0:09:44,0:10:58,0:11:55,0:14:07,N/A,N/A,N/A,0:10:59,0:11:07,0:14:16,0:15:14,0:11:11,0:11:15,0:11:27,0:11:40,0:15:30,0:15:36,0:15:38,0:15:52,0:15:53,0:19:34,N/A,N/A,N/A,N/A,N/A,N/A
LC123,Resident E,N/A,N/A,N/A,N/A,N/A,N/A,0:06:36,0:07:17,0:07:19,0:09:37,N/A,N/A,N/A,N/A,0:09:44,0:10:58,0:11:55,0:14:07,N/A,N/A,N/A,0:10:59,0:11:07,0:14:16,0:15:14,0:11:11,0:11:15,0:11:27,0:11:40,0:15:30,0:15:36,0:15:38,0:15:52,0:15:53,0:19:34,N/A,N/A,N/A,N/A,N/A,N/A
LC123,Layperson 2,N/A,N/A,N/A,N/A,N/A,N/A,0:06:39,0:07:22,0:07:22,0:10:35,N/A,N/A,N/A,N/A,0:10:35,0:11:01,0:11:54,0:14:06,N/A,N/A,N/A,0:11:00,0:11:08,0:11:12,0:11:14,0:14:17,0:15:12,0:15:28,0:15:37,0:11:22,0:11:42,0:11:36,0:11:55,0:11:55,0:19:34,N/A,N/A,N/A,N/A,N/A,N/A
LC123,AMT19,0:03:51,0:04:10,0:04:36,0:04:48,0:04:55,0:05:16,0:05:21,0:05:56,0:06:15,0:06:39,0:06:41,0:07:02,0:07:11,0:08:40,0:08:46,0:09:15,0:09:17,0:09:35,0:09:40,0:10:55,0:10:57,0:10:59,0:11:04,0:11:24,0:11:38,0:11:50,0:12:46,0:12:51,0:13:13,0:13:16,0:13:18,0:13:21,0:13:28,0:14:14,0:14:30,0:14:40,0:14:52,0:15:02,0:16:21,0:16:38,0:20:02
,,,,,,,,,,,,,,,,,,,,,,,,,,,,,,,,,,,,,,,,,,
LC124,Ground Truth,0:09:19,0:09:25,N/A,N/A,N/A,N/A,0:10:08,0:11:45,0:11:45,0:15:24,N/A,N/A,N/A,N/A,0:15:24,0:25:40,N/A,N/A,N/A,N/A,0:25:30,0:25:39,0:25:45,0:25:48,0:26:23,0:26:37,0:27:02,0:27:25,0:27:38,0:27:13,0:27:14,0:27:43,0:28:05,0:28:05,0:36:15,N/A,N/A,N/A,N/A,0:40:10,0:41:40
LC124,Resident C,0:09:19,0:09:25,N/A,N/A,N/A,N/A,0:10:08,0:11:45,0:11:45,0:15:24,N/A,N/A,N/A,N/A,0:15:24,0:25:40,N/A,N/A,N/A,N/A,0:25:30,0:25:39,0:25:45,0:25:48,0:26:23,0:26:37,0:27:02,0:27:25,0:27:38,0:27:13,0:27:14,0:27:43,0:28:05,0:28:05,0:36:15,N/A,N/A,N/A,N/A,0:40:10,0:41:40
LC124,Layperson 2,0:09:14,0:09:25,N/A,N/A,N/A,N/A,0:10:09,0:11:48,0:11:48,0:19:43,N/A,N/A,N/A,N/A,0:19:43,0:25:39,N/A,N/A,N/A,N/A,N/A,0:25:39,0:25:45,0:26:38,0:27:02,0:25:53,0:26:23,0:27:10,0:27:16,0:27:24,0:27:37,0:27:37,0:28:06,0:28:06,0:36:16,N/A,N/A,N/A,N/A,0:40:12,0:42:03
LC124,AMT5,0:08:15,0:08:25,0:08:29,0:08:36,0:08:41,0:09:01,0:09:19,0:09:39,0:09:41,0:09:58,0:10:09,0:10:28,0:10:31,0:10:50,0:10:55,0:11:20,0:11:23,0:11:51,0:12:05,0:13:03,N/A,0:13:15,0:14:05,0:14:10,0:15:17,0:15:22,0:16:51,0:16:59,0:18:27,0:18:33,0:20:08,0:22:05,0:23:58,0:24:06,0:25:30,0:25:35,0:31:06,0:31:09,0:38:34,0:38:38,0:42:03
,,,,,,,,,,,,,,,,,,,,,,,,,,,,,,,,,,,,,,,,,,
"LC125 ",Ground Truth,0:06:09,0:06:15,0:06:53,0:06:57,N/A,N/A,0:07:46,0:08:57,0:08:57,0:14:26,N/A,N/A,N/A,N/A,0:14:26,0:16:23,0:21:57,0:22:25,N/A,N/A,N/A,0:20:57,0:21:06,0:22:36,0:23:46,0:21:12,0:21:28,0:21:40,0:21:46,0:23:59,0:24:06,0:24:06,0:24:52,0:25:38,0:28:21,N/A,N/A,N/A,N/A,N/A,N/A
"LC125 ",Resident E,0:06:11,0:06:15,0:06:53,0:06:57,N/A,N/A,0:07:46,0:08:57,0:08:55,0:14:25,N/A,N/A,N/A,N/A,0:14:25,0:15:25,0:21:57,0:22:25,N/A,N/A,N/A,0:20:57,0:21:06,0:22:36,0:23:46,0:21:12,0:21:28,0:21:38,0:21:46,0:23:59,0:24:06,0:24:06,0:24:52,0:25:38,0:28:21,N/A,N/A,N/A,N/A,N/A,N/A
LC125,Layperson 2,0:06:12,0:07:30,N/A,N/A,N/A,N/A,0:07:45,0:08:55,0:08:57,0:20:00,N/A,N/A,N/A,N/A,0:20:00,0:21:07,0:21:55,0:22:26,N/A,N/A,0:20:58,0:20:58,0:21:07,0:21:19,0:21:30,0:22:41,0:23:48,0:23:55,0:24:07,0:21:30,0:21:48,0:24:07,0:24:49,0:24:49,0:28:21,N/A,N/A,N/A,N/A,N/A,N/A
LC125,AMT34,0:06:54,0:07:30,N/A,N/A,N/A,N/A,0:08:30,0:08:54,0:09:30,0:10:54,N/A,N/A,N/A,N/A,0:11:54,0:12:57,N/A,N/A,N/A,N/A,0:13:54,0:14:54,0:15:54,0:20:54,0:21:22,0:25:54,0:26:30,0:26:35,0:27:54,0:28:54,0:29:30,0:30:01,0:31:54,0:32:54,0:33:30,N/A,N/A,N/A,N/A,0:33:54,0:44:00
,,,,,,,,,,,,,,,,,,,,,,,,,,,,,,,,,,,,,,,,,,
LC126,Ground Truth,0:06:13,0:06:15,N/A,N/A,N/A,N/A,0:07:48,0:09:28,0:09:28,0:13:09,N/A,N/A,N/A,N/A,0:13:09,0:18:36,0:20:28,0:24:35,N/A,N/A,N/A,0:24:37,0:24:43,0:24:47,0:25:15,N/A,N/A,N/A,N/A,0:25:25,0:25:30,0:25:33,0:25:56,0:25:56,0:34:47,N/A,N/A,N/A,N/A,N/A,N/A
LC126,Resident C,0:06:13,0:06:15,N/A,N/A,N/A,N/A,0:07:50,0:09:32,0:09:32,0:13:09,N/A,N/A,N/A,N/A,0:13:09,0:24:35,N/A,N/A,N/A,N/A,N/A,0:24:35,0:24:43,0:24:47,0:25:15,N/A,N/A,N/A,N/A,0:25:25,0:25:30,0:25:33,0:25:56,0:25:56,0:34:47,N/A,N/A,N/A,N/A,N/A,N/A
LC126,Layperson 4,0:06:13,0:06:15,N/A,N/A,N/A,N/A,0:08:15,0:09:28,0:09:29,0:14:18,0:15:33,0:19:00,0:20:35,0:21:30,0:21:35,0:23:35,N/A,N/A,N/A,N/A,0:23:30,0:24:36,0:24:44,0:24:47,0:25:16,N/A,N/A,N/A,N/A,0:25:24,0:25:28,0:25:29,0:25:50,0:26:00,0:28:00,0:29:22,0:31:57,0:33:04,0:34:48,N/A,N/A
LC126,AMT17,0:04:50,0:06:08,N/A,N/A,N/A,N/A,0:06:08,0:08:35,0:08:35,0:10:48,N/A,N/A,N/A,N/A,0:10:48,0:12:59,N/A,N/A,N/A,N/A,0:12:59,0:12:59,0:15:16,0:15:16,0:17:58,0:17:58,0:19:43,0:19:43,0:22:09,0:22:09,0:24:13,0:24:13,0:29:43,0:29:43,0:33:08,N/A,N/A,N/A,N/A,0:33:08,0:37:02
,,,,,,,,,,,,,,,,,,,,,,,,,,,,,,,,,,,,,,,,,,
LC13,Ground Truth,0:01:24,0:01:34,0:02:55,0:02:56,0:04:26,0:04:34,0:05:01,0:07:30,0:07:31,0:13:05,N/A,N/A,N/A,N/A,0:13:05,0:17:07,0:17:24,0:17:46,0:20:13,0:20:49,0:15:42,0:17:46,0:17:56,0:17:56,0:19:00,0:21:12,0:21:38,0:21:50,0:22:03,0:19:16,0:19:24,0:22:03,0:22:25,0:22:28,0:23:41,N/A,N/A,N/A,N/A,0:24:29,0:25:48
LC13,Resident B,0:01:24,0:01:34,0:02:55,0:02:56,0:04:26,0:04:34,0:05:05,0:07:30,0:07:31,0:13:14,N/A,N/A,N/A,N/A,0:13:14,0:17:07,0:20:12,0:20:49,N/A,N/A,0:15:42,0:17:45,0:17:52,0:17:58,0:19:00,0:21:12,0:21:16,0:21:50,0:22:00,0:19:16,0:19:24,0:21:54,0:22:28,0:22:28,0:23:41,N/A,N/A,N/A,N/A,0:24:29,0:25:48
LC13,Layperson 1,0:01:24,0:01:35,0:02:55,0:02:56,0:04:27,0:04:34,0:05:02,0:07:33,0:07:33,0:13:56,N/A,N/A,N/A,N/A,0:14:43,0:15:41,0:16:28,0:17:52,N/A,N/A,N/A,0:17:45,0:17:53,0:17:57,0:19:01,0:21:09,0:21:38,0:21:50,0:22:03,0:19:16,0:19:24,0:22:03,0:22:28,0:22:28,0:22:56,0:23:25,0:23:41,N/A,N/A,0:24:30,0:25:48
LC13,AMT33,0:02:55,0:30:02,0:04:27,0:30:23,0:04:40,0:31:10,0:30:03,0:30:33,0:24:32,0:26:09,N/A,N/A,N/A,N/A,0:07:03,0:23:40,N/A,N/A,N/A,N/A,N/A,N/A,N/A,0:18:08,0:19:23,N/A,N/A,0:22:23,0:23:40,0:19:15,0:19:22,N/A,N/A,0:19:15,0:23:46,N/A,N/A,N/A,N/A,0:24:32,0:26:09
,,,,,,,,,,,,,,,,,,,,,,,,,,,,,,,,,,,,,,,,,,
LC139,Ground Truth,0:04:07,0:04:12,0:05:31,0:05:48,N/A,N/A,0:06:29,0:06:28,0:06:29,0:20:16,N/A,N/A,N/A,N/A,0:20:16,0:25:03,N/A,N/A,N/A,N/A,N/A,0:25:03,0:25:07,0:25:08,0:26:37,N/A,N/A,N/A,N/A,0:26:50,0:27:02,0:27:02,0:27:13,0:27:17,0:32:16,N/A,N/A,N/A,N/A,N/A,N/A
LC139,Resident D,0:05:32,0:05:49,N/A,N/A,N/A,N/A,0:06:31,0:07:32,0:07:40,0:20:17,N/A,N/A,N/A,N/A,0:20:17,0:24:57,N/A,N/A,N/A,N/A,N/A,0:25:00,0:25:07,0:25:09,0:26:36,N/A,N/A,N/A,N/A,0:26:50,0:27:01,0:27:10,0:27:12,0:27:25,0:32:34,N/A,N/A,N/A,N/A,N/A,N/A
LC139,Layperson 1,0:04:07,0:04:12,0:05:31,0:05:47,N/A,N/A,0:05:46,0:07:44,0:07:44,0:10:44,0:12:51,0:14:06,0:16:15,0:22:16,0:14:13,0:16:15,0:16:40,0:18:50,0:19:19,0:24:59,0:26:24,0:24:59,0:25:07,0:26:50,0:27:20,N/A,N/A,0:27:23,0:27:52,0:28:21,0:28:30,0:28:30,0:29:28,0:29:29,0:32:16,N/A,N/A,N/A,N/A,N/A,N/A
LC139,AMT28,0:03:56,0:04:00,0:04:01,0:04:34,0:04:35,0:05:50,0:05:51,0:07:28,0:07:29,0:09:33,0:09:36,0:10:47,0:10:49,0:11:38,0:11:51,0:12:45,0:12:50,0:13:38,0:14:58,0:15:28,N/A,0:15:57,0:16:26,0:16:27,0:18:29,0:19:05,0:20:02,0:20:05,0:23:30,0:23:32,0:24:40,N/A,N/A,0:25:34,0:26:01,0:26:12,0:27:11,0:27:13,0:30:51,0:31:32,0:35:04
,,,,,,,,,,,,,,,,,,,,,,,,,,,,,,,,,,,,,,,,,,
LC141,Ground Truth,0:06:55,0:06:58,N/A,N/A,N/A,N/A,0:08:57,0:10:48,0:10:48,0:13:36,N/A,N/A,N/A,N/A,0:14:05,0:18:00,N/A,N/A,N/A,N/A,0:17:40,0:18:00,0:18:10,0:18:15,0:18:51,0:19:10,0:19:15,0:19:43,0:19:49,0:19:25,0:19:26,0:19:49,0:19:54,0:19:54,0:22:56,N/A,N/A,N/A,N/A,N/A,N/A
LC141,Resident C,0:06:55,0:06:58,N/A,N/A,N/A,N/A,0:08:56,0:10:48,0:10:48,0:14:30,N/A,N/A,N/A,N/A,0:14:30,0:18:00,N/A,N/A,N/A,N/A,0:17:38,0:18:00,0:18:10,0:18:15,0:18:51,0:19:10,0:19:15,0:19:43,0:19:49,0:19:24,0:19:28,0:19:47,0:19:52,0:19:52,0:22:56,N/A,N/A,N/A,N/A,N/A,N/A
LC141,Layperson 4,0:06:56,0:06:59,N/A,N/A,N/A,N/A,0:10:30,0:10:47,0:10:47,0:13:40,0:14:04,0:15:32,0:15:55,0:16:40,0:16:44,0:17:40,N/A,N/A,N/A,N/A,0:17:33,0:17:40,0:18:12,0:19:10,0:19:10,0:18:15,0:18:52,0:19:23,0:19:25,0:19:46,0:19:49,0:19:49,0:19:52,0:19:52,0:20:30,0:20:59,0:22:25,0:22:40,0:23:00,N/A,N/A
LC141,AMT11,0:06:55,0:06:59,0:07:02,0:07:12,0:07:36,0:07:56,0:08:01,0:08:50,0:08:55,0:09:00,0:09:01,0:09:12,0:09:59,0:10:01,0:10:10,0:10:55,0:11:01,0:11:30,0:11:34,0:12:06,0:12:49,0:15:03,0:15:59,0:16:01,0:16:56,0:17:01,0:17:58,0:18:02,0:19:00,0:19:01,0:20:00,0:20:01,0:20:59,0:21:00,0:21:40,0:21:42,0:22:01,0:22:56,0:24:00,0:24:01,0:25:01
,,,,,,,,,,,,,,,,,,,,,,,,,,,,,,,,,,,,,,,,,,
LC142,Ground Truth,0:05:46,0:05:49,N/A,N/A,N/A,N/A,0:06:35,0:07:56,0:20:09,0:21:40,0:22:06,0:24:16,0:25:37,0:27:26,0:28:12,0:29:14,0:30:36,0:34:37,N/A,N/A,N/A,0:34:40,0:34:55,0:35:02,0:36:35,0:37:54,0:38:13,0:38:31,0:38:38,0:36:50,0:36:55,0:38:38,0:38:47,0:38:47,0:39:48,0:40:25,0:43:30,0:45:01,0:47:27,N/A,N/A
LC142,Resident A,0:05:46,0:05:49,N/A,N/A,N/A,N/A,0:05:18,0:07:37,0:20:09,0:21:40,0:22:06,0:27:26,N/A,N/A,0:28:12,0:34:37,N/A,N/A,N/A,N/A,N/A,0:34:40,0:34:55,0:35:02,0:36:35,0:37:54,0:38:13,0:38:31,0:38:38,0:36:50,0:36:55,0:38:38,0:38:47,0:38:48,0:40:58,0:41:48,0:47:25,N/A,N/A,N/A,N/A
LC142,Layperson 1,N/A,N/A,N/A,N/A,N/A,N/A,0:06:56,0:07:56,0:07:56,0:27:45,N/A,N/A,N/A,N/A,0:27:45,0:29:15,0:30:31,0:34:56,N/A,N/A,N/A,0:34:41,0:34:55,0:35:02,0:36:33,0:37:53,0:38:10,0:38:31,0:38:42,0:36:50,0:36:55,0:38:39,0:38:50,0:38:50,0:39:45,0:45:01,0:47:27,N/A,N/A,N/A,N/A
LC142,AMT34,0:04:48,0:05:20,N/A,N/A,N/A,N/A,0:11:45,0:14:48,0:16:48,0:18:01,N/A,N/A,N/A,N/A,0:20:02,0:22:02,N/A,N/A,N/A,N/A,0:24:02,0:25:02,0:26:25,0:27:02,0:28:50,0:29:02,0:30:02,0:32:02,0:34:50,0:35:02,0:37:02,0:38:07,0:40:02,0:42:02,0:44:50,N/A,N/A,N/A,N/A,0:49:02,0:50:07
,,,,,,,,,,,,,,,,,,,,,,,,,,,,,,,,,,,,,,,,,,
LC143,Ground Truth,0:07:33,0:07:35,N/A,N/A,N/A,N/A,0:11:38,0:13:36,0:13:36,0:20:19,N/A,N/A,N/A,N/A,0:20:19,0:26:52,N/A,N/A,N/A,N/A,0:26:48,0:26:52,0:26:57,0:26:59,0:30:04,0:28:55,0:29:09,0:29:12,0:29:23,0:30:16,0:30:29,0:30:29,0:30:33,0:30:33,0:39:44,N/A,N/A,N/A,N/A,0:40:51,0:42:00
LC143,Resident D,0:07:33,0:07:35,N/A,N/A,N/A,N/A,0:11:38,0:13:36,0:13:36,0:20:19,N/A,N/A,N/A,N/A,0:20:19,0:26:52,N/A,N/A,N/A,N/A,0:26:48,0:26:52,0:26:57,0:26:59,0:30:04,0:28:55,0:29:09,0:29:12,0:29:23,0:30:16,0:30:29,0:30:29,0:30:33,0:30:33,0:39:44,N/A,N/A,N/A,N/A,0:40:51,0:42:00
LC143,Layperson 2,0:07:30,0:07:40,N/A,N/A,N/A,N/A,0:11:40,0:13:40,0:13:40,0:21:37,N/A,N/A,N/A,N/A,0:21:37,0:12:25,0:13:15,0:17:08,0:19:12,0:26:49,N/A,0:26:49,0:26:57,0:28:59,0:29:07,0:27:05,0:30:04,0:30:15,0:30:39,0:29:15,0:29:24,0:30:39,0:30:49,0:30:49,0:31:04,0:33:20,0:37:47,N/A,N/A,N/A,N/A
LC143,AMT1,0:06:22,0:07:21,0:21:05,0:28:18,0:36:15,0:37:10,0:09:29,0:13:12,0:14:11,0:17:20,0:18:10,0:22:10,0:39:48,0:40:48,0:21:21,0:23:05,0:25:01,0:26:01,N/A,N/A,0:10:22,0:31:27,0:36:03,0:27:04,0:36:02,0:27:05,0:35:21,0:26:10,0:37:44,0:39:44,0:40:28,0:43:10,0:43:51,0:12:17,0:15:33,0:17:04,0:18:12,0:25:14,0:28:12,0:41:34,0:42:15
,,,,,,,,,,,,,,,,,,,,,,,,,,,,,,,,,,,,,,,,,,
LC151,Ground Truth,0:16:57,0:17:00,N/A,N/A,N/A,N/A,0:18:26,0:22:58,0:22:58,0:31:57,N/A,N/A,N/A,N/A,0:32:38,0:36:56,0:38:08,1:01:10,N/A,N/A,1:01:42,1:01:13,1:02:11,1:02:13,1:04:11,1:05:15,1:06:09,1:06:32,1:07:29,1:04:47,1:04:57,1:07:29,1:07:42,1:08:49,1:13:50,1:15:05,1:22:10,N/A,N/A,N/A,N/A
LC151,Resident A,0:16:57,0:16:59,N/A,N/A,N/A,N/A,0:18:25,0:22:57,0:22:57,0:32:03,N/A,N/A,N/A,N/A,0:32:42,1:01:13,N/A,N/A,N/A,N/A,1:02:01,1:01:13,1:02:13,1:02:13,1:04:11,1:05:16,1:05:28,1:06:35,1:07:08,1:04:47,1:04:54,1:07:29,1:07:46,1:07:46,1:13:45,1:15:05,1:22:08,N/A,N/A,N/A,N/A
LC151,Layperson 1,0:16:56,0:17:13,N/A,N/A,N/A,N/A,0:18:27,0:22:58,0:22:58,0:37:00,0:38:09,0:40:32,N/A,N/A,0:40:52,1:02:11,N/A,N/A,N/A,N/A,N/A,1:01:13,0:02:12,1:02:13,1:04:12,1:05:57,1:06:10,1:06:32,1:07:30,1:04:48,1:04:55,1:07:30,1:07:43,1:07:43,1:08:05,1:08:50,1:13:49,1:15:32,1:22:09,N/A,N/A
LC151,AMT5,0:14:49,0:15:11,0:15:12,0:15:24,0:15:25,0:15:40,0:16:55,0:18:22,0:18:24,0:19:14,0:22:33,0:22:34,0:22:36,0:25:10,0:27:20,0:28:45,0:28:47,0:29:35,0:30:40,0:34:48,0:35:44,0:39:21,0:41:47,0:50:22,0:54:08,0:57:24,1:01:00,1:00:23,1:03:29,1:04:50,1:07:49,1:09:37,1:13:22,1:14:48,1:19:22,1:20:49,1:22:34,N/A,N/A,1:22:39,1:23:33
,,,,,,,,,,,,,,,,,,,,,,,,,,,,,,,,,,,,,,,,,,
LC157,Ground Truth,0:05:48,0:05:50,N/A,N/A,N/A,N/A,0:06:13,0:07:11,0:07:13,0:11:30,N/A,N/A,N/A,N/A,0:11:31,0:14:35,0:15:25,0:17:01,N/A,N/A,0:16:26,0:17:01,0:19:38,0:20:09,0:21:54,0:19:54,0:19:57,0:23:11,0:23:26,0:22:03,0:22:07,0:23:28,0:23:28,0:23:29,0:29:03,N/A,N/A,N/A,N/A,N/A,N/A
LC157,Resident E,0:05:46,0:05:50,N/A,N/A,N/A,N/A,0:06:13,0:06:34,0:07:12,0:11:19,N/A,N/A,N/A,N/A,0:11:30,0:14:35,0:15:25,0:17:01,N/A,N/A,0:16:26,0:17:03,0:19:38,0:20:10,0:21:52,0:19:56,0:19:57,0:23:10,0:23:23,0:22:06,0:22:09,0:23:28,0:23:28,0:23:29,0:29:03,N/A,N/A,N/A,N/A,N/A,N/A
LC157,Layperson 4,0:05:48,0:05:50,N/A,N/A,N/A,N/A,0:06:13,0:07:11,0:07:14,0:09:11,0:09:24,0:10:57,0:11:19,0:12:10,0:12:35,0:14:03,0:15:26,0:17:03,N/A,N/A,0:17:53,0:19:24,0:19:38,0:19:54,0:19:57,0:20:08,0:21:52,0:22:02,0:22:08,0:23:21,0:23:25,0:23:27,0:24:37,0:24:39,0:27:50,0:28:04,0:29:03,N/A,N/A,N/A,N/A
LC157,AMT27,0:04:10,0:05:16,N/A,N/A,N/A,N/A,0:05:16,0:07:42,0:07:42,0:09:12,N/A,N/A,N/A,N/A,0:09:12,0:10:59,N/A,N/A,N/A,N/A,0:10:59,0:10:59,0:12:32,0:12:32,0:14:45,0:14:45,0:17:23,0:17:23,0:19:38,0:19:38,0:21:40,0:21:40,0:25:54,0:25:54,0:28:32,N/A,N/A,N/A,N/A,0:28:32,0:30:51
,,,,,,,,,,,,,,,,,,,,,,,,,,,,,,,,,,,,,,,,,,
LC158,Ground Truth,0:06:51,0:06:55,N/A,N/A,N/A,N/A,0:08:21,0:10:16,0:10:16,0:15:20,0:20:30,0:20:49,N/A,N/A,0:18:14,0:20:30,0:20:49,0:23:25,0:23:53,0:29:19,0:23:21,0:23:25,0:23:31,0:29:29,0:30:17,0:23:34,0:23:40,0:24:02,0:24:22,0:30:31,0:30:45,0:30:45,0:31:06,0:31:06,0:34:54,N/A,N/A,N/A,N/A,N/A,N/A
LC158,Resident B,0:06:52,0:06:53,N/A,N/A,N/A,N/A,0:08:21,0:10:17,0:10:17,0:12:58,0:14:06,0:20:49,N/A,N/A,0:20:49,0:23:25,0:23:53,0:29:19,N/A,N/A,0:23:21,0:23:25,0:23:31,0:29:29,0:30:17,0:23:33,0:23:39,0:24:02,0:24:22,0:30:31,0:30:48,0:30:48,0:31:06,0:31:06,0:34:56,N/A,N/A,N/A,N/A,N/A,N/A
LC158,Layperson 2,0:06:52,0:07:45,N/A,N/A,N/A,N/A,0:08:22,0:10:17,0:10:17,0:12:58,0:14:06,0:17:15,0:18:15,0:19:27,0:19:27,0:23:25,0:25:54,0:29:23,N/A,N/A,N/A,0:23:26,0:23:34,0:23:44,0:23:51,0:29:31,0:30:25,0:30:31,0:30:47,0:23:59,0:24:25,0:30:47,0:31:06,0:31:06,0:34:56,N/A,N/A,N/A,N/A,N/A,N/A
LC158,AMT20,0:05:49,0:05:58,0:06:03,0:06:12,0:06:13,0:06:23,0:06:52,0:07:38,0:07:44,0:08:10,0:08:14,0:08:35,0:08:43,0:09:10,0:09:29,0:09:55,0:10:16,0:10:30,0:10:53,0:11:33,N/A,0:12:17,0:12:26,0:12:30,0:12:50,0:13:49,0:15:10,0:16:29,0:16:58,0:17:53,0:19:46,N/A,N/A,0:20:17,0:21:48,0:22:17,0:25:56,0:26:42,0:32:50,0:33:18,0:37:23
,,,,,,,,,,,,,,,,,,,,,,,,,,,,,,,,,,,,,,,,,,
LC160,Ground Truth,0:04:17,0:04:19,N/A,N/A,N/A,N/A,0:04:35,0:05:08,0:05:08,0:05:29,0:05:54,0:10:12,N/A,N/A,0:10:12,0:13:13,N/A,N/A,N/A,N/A,0:13:13,0:13:13,0:13:20,0:14:17,0:15:01,N/A,N/A,0:13:59,0:14:07,0:15:13,0:15:24,0:15:25,0:15:41,0:15:41,0:17:56,N/A,N/A,N/A,N/A,N/A,N/A
LC160,Resident A,0:04:17,0:04:19,N/A,N/A,N/A,N/A,0:04:35,0:05:08,0:05:09,0:05:19,0:08:55,0:10:08,N/A,N/A,0:08:19,0:08:55,0:10:46,0:13:13,N/A,N/A,0:13:13,0:13:13,0:13:25,0:14:18,0:15:01,N/A,N/A,0:13:25,0:13:35,0:15:14,0:15:24,0:15:25,0:15:41,0:15:41,0:17:56,N/A,N/A,N/A,N/A,N/A,N/A
LC160,Layperson 2,0:14:17,0:14:22,N/A,N/A,N/A,N/A,0:04:35,0:05:08,0:05:08,0:10:33,N/A,N/A,N/A,N/A,0:10:33,0:13:13,N/A,N/A,N/A,N/A,N/A,0:13:12,0:13:15,N/A,N/A,0:14:18,0:15:01,0:15:15,0:15:25,0:13:22,0:13:35,0:15:25,0:15:42,0:15:42,0:17:56,N/A,N/A,N/A,N/A,N/A,N/A
LC160,AMT34,0:03:20,0:04:20,N/A,N/A,N/A,N/A,0:04:40,0:05:20,0:06:20,0:07:20,N/A,N/A,N/A,N/A,0:08:20,0:09:40,N/A,N/A,N/A,N/A,0:10:20,0:11:20,0:12:20,0:13:20,0:15:20,0:15:40,0:16:20,0:17:20,0:18:50,0:18:01,0:18:20,0:15:20,0:16:30,0:17:31,0:18:40,N/A,N/A,N/A,N/A,0:18:40,0:19:00
,,,,,,,,,,,,,,,,,,,,,,,,,,,,,,,,,,,,,,,,,,
LC163,Ground Truth,0:03:35,0:03:39,N/A,N/A,N/A,N/A,0:04:08,0:05:26,0:05:26,0:08:09,N/A,N/A,N/A,N/A,0:08:09,0:15:28,N/A,N/A,N/A,N/A,0:15:26,0:15:28,0:15:36,0:15:39,0:16:29,0:16:43,0:16:48,0:17:16,0:17:25,0:16:58,0:17:04,0:17:25,0:17:26,0:17:26,0:25:38,N/A,N/A,N/A,N/A,0:26:58,0:28:02
LC163,Resident D,0:03:37,0:03:40,N/A,N/A,N/A,N/A,0:04:08,0:05:28,0:05:28,0:08:20,N/A,N/A,N/A,N/A,0:08:20,0:10:43,0:11:00,0:15:28,N/A,N/A,0:15:26,0:15:30,0:15:36,0:15:39,0:16:29,0:16:43,0:16:48,0:17:16,0:17:25,0:16:58,0:17:04,0:17:25,0:17:26,0:17:28,0:25:36,N/A,N/A,N/A,N/A,0:26:58,0:28:16
LC163,Layperson 2,0:03:35,0:03:42,N/A,N/A,N/A,N/A,0:04:50,0:05:28,0:05:28,0:05:34,0:05:55,0:08:42,N/A,N/A,0:08:42,0:15:10,N/A,N/A,N/A,N/A,0:16:30,0:15:30,0:15:37,0:16:42,0:16:48,0:15:42,0:16:25,0:16:57,0:17:05,0:17:14,0:17:26,0:17:25,0:17:29,0:17:29,0:25:36,N/A,N/A,N/A,N/A,0:27:03,0:29:08
LC163,AMT6,0:05:01,0:12:02,0:15:05,0:23:00,0:25:00,0:30:00,0:00:01,0:32:02,N/A,N/A,N/A,N/A,N/A,N/A,N/A,N/A,N/A,N/A,N/A,N/A,N/A,N/A,N/A,N/A,N/A,N/A,N/A,N/A,N/A,N/A,N/A,N/A,N/A,N/A,N/A,N/A,N/A,N/A,N/A,N/A,0:00:00
,,,,,,,,,,,,,,,,,,,,,,,,,,,,,,,,,,,,,,,,,,
LC168,Ground Truth,0:08:48,0:08:50,N/A,N/A,N/A,N/A,0:09:32,0:14:28,0:14:28,0:16:34,0:17:27,0:18:29,0:18:45,0:21:15,0:23:14,0:26:40,N/A,N/A,N/A,N/A,0:28:57,0:29:33,0:29:44,0:29:52,0:31:07,0:32:57,0:33:06,0:33:32,0:33:49,0:31:43,0:32:25,0:33:49,0:33:57,0:34:11,0:34:40,0:35:37,0:37:13,0:39:37,0:45:19,0:47:36,0:49:03
LC168,Resident A,0:08:47,0:08:50,N/A,N/A,N/A,N/A,0:09:29,0:14:26,0:14:27,0:18:29,0:18:45,0:21:15,N/A,N/A,0:23:13,0:26:39,N/A,N/A,N/A,N/A,0:29:00,0:29:33,0:29:42,0:29:52,0:31:07,0:32:58,0:33:06,0:33:34,0:33:49,0:31:43,0:32:24,0:33:49,0:33:57,0:33:57,0:37:09,0:39:35,0:42:38,0:44:00,0:45:19,0:47:35,0:49:14
LC168,Layperson 2,0:08:39,0:08:51,N/A,N/A,N/A,N/A,0:09:32,0:14:28,0:14:28,0:22:13,N/A,N/A,N/A,N/A,0:22:13,0:29:20,N/A,N/A,N/A,N/A,0:29:20,0:29:30,0:29:45,0:33:00,0:33:10,0:29:51,0:31:07,0:31:40,0:32:25,0:33:32,0:33:50,0:33:50,0:33:58,0:33:58,0:45:19,N/A,N/A,N/A,N/A,0:47:37,0:57:58
LC168,AMT34,0:07:46,0:07:46,N/A,N/A,N/A,N/A,0:07:46,0:08:57,0:09:46,0:12:46,0:15:50,0:18:30,0:19:52,0:20:40,0:20:46,0:21:46,0:22:50,0:25:46,N/A,N/A,0:27:32,0:28:46,0:30:12,0:35:07,0:38:46,0:40:01,0:42:30,0:45:04,0:48:02,0:49:02,0:50:02,0:51:46,0:52:02,0:53:46,0:54:57,0:55:06,0:57:08,N/A,N/A,0:58:02,1:01:46
,,,,,,,,,,,,,,,,,,,,,,,,,,,,,,,,,,,,,,,,,,
LC171,Ground Truth,0:06:28,0:06:30,N/A,N/A,N/A,N/A,0:06:42,0:08:22,0:18:23,0:19:35,N/A,N/A,N/A,N/A,0:20:58,0:24:43,N/A,N/A,N/A,N/A,0:24:43,0:24:47,0:25:40,0:26:40,0:27:45,0:25:46,0:25:53,0:26:09,0:26:23,0:27:56,0:28:04,0:28:04,0:28:17,0:28:17,0:28:48,0:29:32,0:33:51,N/A,N/A,0:35:04,0:35:57
LC171,Resident A,0:06:28,0:06:30,N/A,N/A,N/A,N/A,0:06:41,0:08:23,0:08:23,0:19:34,N/A,N/A,N/A,N/A,0:19:34,0:20:20,0:20:42,0:24:46,N/A,N/A,0:24:46,0:24:46,0:25:39,0:26:41,0:27:44,0:25:46,0:25:51,0:26:08,0:26:22,0:27:56,0:28:01,0:28:01,0:28:18,0:28:18,0:33:51,N/A,N/A,N/A,N/A,0:35:10,0:35:59
LC171,Layperson 4,0:06:28,0:06:32,N/A,N/A,N/A,N/A,0:06:41,0:08:23,0:08:26,0:17:58,N/A,N/A,N/A,N/A,0:18:03,0:20:35,0:20:51,0:23:24,N/A,N/A,N/A,0:24:47,0:25:40,0:25:45,0:25:50,0:26:41,0:27:44,0:27:56,0:28:02,0:26:07,0:26:23,0:28:03,0:29:05,0:29:29,0:29:56,0:30:10,0:32:12,0:32:20,0:33:51,0:35:05,0:35:59
LC171,AMT4,0:04:25,0:06:08,N/A,N/A,N/A,N/A,0:06:08,0:08:24,0:08:24,0:10:58,N/A,N/A,N/A,N/A,0:10:58,0:13:02,N/A,N/A,N/A,N/A,0:13:02,0:13:02,0:16:22,0:16:22,0:18:42,0:18:42,0:22:44,0:22:44,0:25:40,0:25:40,0:27:52,0:27:52,0:30:24,0:30:24,0:33:10,N/A,N/A,N/A,N/A,0:33:10,0:36:46
,,,,,,,,,,,,,,,,,,,,,,,,,,,,,,,,,,,,,,,,,,
"LC180 ",Ground Truth,0:10:04,0:10:10,N/A,N/A,N/A,N/A,0:10:16,0:11:38,0:11:46,0:16:30,N/A,N/A,N/A,N/A,0:16:30,0:27:19,0:30:01,0:31:06,0:34:25,0:36:26,0:30:15,0:31:06,0:31:17,0:31:20,0:33:36,0:36:44,0:36:47,0:37:20,0:37:34,0:33:48,0:33:59,0:37:34,0:37:40,0:37:40,0:45:44,N/A,N/A,N/A,N/A,N/A,N/A
"LC180 ",Resident E,0:10:03,0:10:08,N/A,N/A,N/A,N/A,0:10:16,0:11:46,0:11:46,0:16:26,N/A,N/A,N/A,N/A,0:16:26,0:27:19,0:30:01,0:31:06,0:33:25,0:35:20,0:30:15,0:31:06,0:31:16,0:31:20,0:33:36,0:36:44,0:36:47,0:37:20,0:37:34,0:33:48,0:33:59,0:37:34,0:37:40,0:37:40,0:45:44,N/A,N/A,N/A,N/A,N/A,N/A
LC180,Layperson 4,0:10:04,0:10:08,N/A,N/A,N/A,N/A,0:10:16,0:11:08,0:11:10,0:12:34,0:12:57,0:23:26,N/A,N/A,0:25:05,0:27:22,0:30:00,0:30:14,N/A,N/A,0:30:32,0:31:06,0:31:17,0:37:04,0:37:09,0:31:20,0:33:36,0:37:31,0:37:34,0:33:49,0:34:00,0:37:38,0:37:40,0:37:41,0:40:01,0:40:56,0:41:40,0:42:10,0:45:44,N/A,N/A
LC180,AMT18,0:07:56,0:08:12,0:08:12,0:09:01,N/A,N/A,0:09:01,0:11:45,0:11:45,0:16:12,0:16:12,0:18:05,N/A,N/A,0:18:05,0:21:47,0:21:47,0:25:28,N/A,N/A,0:25:28,0:25:28,0:27:02,0:27:02,0:29:12,0:29:12,0:31:00,0:31:00,0:32:51,0:32:51,0:34:50,0:34:50,0:36:02,0:36:02,0:39:36,0:39:36,0:45:14,N/A,N/A,0:45:14,0:47:26
,,,,,,,,,,,,,,,,,,,,,,,,,,,,,,,,,,,,,,,,,,
LC187,Ground Truth,0:03:35,0:03:40,0:06:32,0:06:40,0:07:32,0:07:40,0:08:03,0:08:58,0:08:58,0:09:43,0:10:00,0:10:13,N/A,N/A,0:10:13,0:12:22,N/A,N/A,N/A,N/A,0:12:14,0:12:22,0:12:28,0:12:48,0:13:37,0:12:31,0:12:44,0:13:57,0:13:59,0:14:01,0:14:08,0:14:08,0:14:49,0:14:47,0:19:45,N/A,N/A,N/A,N/A,0:19:55,0:21:23
LC187,Resident B,0:03:33,0:03:35,0:06:30,0:06:40,0:07:32,0:07:33,0:08:02,0:08:58,0:08:58,0:10:13,N/A,N/A,N/A,N/A,0:10:17,0:12:20,N/A,N/A,N/A,N/A,0:12:13,0:12:20,0:12:28,0:12:48,0:13:37,0:12:31,0:12:44,0:13:57,0:13:59,0:14:01,0:14:08,0:14:10,0:14:47,0:14:47,0:19:45,N/A,N/A,N/A,N/A,0:19:55,0:21:23
LC187,Layperson 2,0:05:35,0:05:41,0:07:30,0:07:35,N/A,N/A,0:08:03,0:09:00,0:09:00,0:10:25,N/A,N/A,N/A,N/A,0:10:25,0:12:20,N/A,N/A,N/A,N/A,N/A,0:12:20,0:12:28,0:12:33,0:12:46,0:12:53,0:12:38,0:14:05,0:14:09,0:13:58,0:14:00,0:14:10,0:14:49,0:14:49,0:19:46,N/A,N/A,N/A,N/A,0:20:00,0:21:22
LC187,AMT26,0:03:00,0:03:35,0:06:25,0:06:59,0:07:40,0:08:25,0:08:45,0:08:50,0:08:57,0:09:30,0:10:13,0:10:50,N/A,N/A,0:10:57,0:12:10,0:12:30,0:12:50,0:12:57,0:13:45,0:13:50,0:13:57,0:14:10,0:14:10,0:14:24,0:12:10,0:12:40,0:13:53,0:14:24,0:14:30,0:14:45,0:15:30,0:15:45,0:15:50,0:16:35,0:17:10,0:18:40,0:19:25,0:20:00,0:20:10,0:22:09
,,,,,,,,,,,,,,,,,,,,,,,,,,,,,,,,,,,,,,,,,,
LC190,Ground Truth,0:05:45,0:05:53,0:07:20,0:07:23,0:10:01,0:10:02,0:11:23,0:12:05,0:12:05,0:16:31,N/A,N/A,N/A,N/A,0:16:31,0:23:10,N/A,N/A,N/A,N/A,0:23:10,0:23:10,0:23:15,0:23:40,0:24:08,0:23:26,0:23:32,0:24:32,0:24:36,0:24:45,0:24:51,0:24:52,0:25:07,0:25:07,0:30:40,N/A,N/A,N/A,N/A,0:30:56,0:31:52
LC190,Resident C,0:05:48,0:05:53,0:07:20,0:07:23,0:10:01,0:10:02,0:11:23,0:12:03,0:12:03,0:16:31,N/A,N/A,N/A,N/A,0:16:31,0:23:10,N/A,N/A,N/A,N/A,0:23:10,0:23:10,0:23:15,0:23:40,0:24:08,0:23:26,0:23:32,0:24:32,0:24:36,0:24:45,0:24:51,0:24:52,0:25:07,0:25:07,0:30:40,N/A,N/A,N/A,N/A,0:30:56,0:31:52
LC190,Layperson 5,0:05:50,0:05:53,0:07:24,0:07:26,0:10:02,0:10:04,0:11:22,0:12:04,0:12:04,0:18:22,N/A,N/A,N/A,N/A,0:18:22,0:20:10,0:20:28,0:23:17,N/A,N/A,0:22:38,0:23:09,0:23:17,0:23:35,0:24:09,0:23:21,0:23:31,0:24:27,0:24:36,0:24:45,0:24:51,0:24:52,0:25:12,0:25:12,0:30:40,N/A,N/A,N/A,N/A,0:30:55,0:31:52
LC190,AMT32,0:04:50,0:06:02,N/A,N/A,N/A,N/A,0:07:24,0:11:32,0:11:32,0:23:01,N/A,N/A,N/A,N/A,0:23:01,0:23:19,N/A,N/A,N/A,N/A,0:23:15,0:23:12,0:23:21,0:23:21,0:23:28,0:23:40,0:24:15,0:24:15,0:24:42,0:24:42,0:24:48,0:24:48,0:24:57,0:25:26,0:33:52,N/A,N/A,N/A,N/A,0:33:52,0:35:54
,,,,,,,,,,,,,,,,,,,,,,,,,,,,,,,,,,,,,,,,,,
LC191,Ground Truth,0:02:30,0:02:42,0:03:55,0:04:08,0:05:14,0:05:21,0:06:25,0:07:45,0:07:45,0:12:14,N/A,N/A,N/A,N/A,0:12:09,0:20:45,0:21:45,0:23:29,N/A,N/A,0:20:38,0:20:45,0:20:54,0:24:28,0:24:56,0:21:03,0:21:24,0:21:33,0:21:36,0:25:03,0:25:11,0:25:11,0:25:23,0:25:23,0:33:07,N/A,N/A,N/A,N/A,0:35:16,0:36:34
LC191,Resident D,0:02:30,0:02:42,0:03:57,0:04:04,0:05:14,0:05:21,0:06:25,0:07:45,0:07:45,0:11:59,N/A,N/A,N/A,N/A,0:11:59,0:20:45,0:21:45,0:23:29,N/A,N/A,0:20:38,0:20:45,0:20:54,0:24:26,0:24:56,0:20:59,0:21:24,0:21:33,0:21:36,0:25:03,0:25:12,0:25:12,0:25:22,0:25:22,0:33:05,N/A,N/A,N/A,N/A,0:35:16,0:36:35
LC191,Layperson 1,0:02:36,0:02:43,0:04:02,0:04:04,N/A,N/A,0:06:27,0:07:47,0:07:47,0:12:09,N/A,N/A,N/A,N/A,0:12:09,0:20:53,N/A,N/A,N/A,N/A,0:20:45,0:20:45,0:20:53,0:24:26,0:24:56,0:21:03,0:21:23,0:21:32,0:21:36,0:25:04,0:25:12,0:25:12,0:25:23,0:25:23,0:33:05,N/A,N/A,N/A,N/A,0:35:18,0:36:31
LC191,AMT12,0:06:31,0:07:17,0:09:11,0:15:47,0:17:20,0:18:15,0:20:45,0:29:30,0:30:15,0:32:10,0:33:20,0:35:15,0:37:12,0:39:10,0:25:14,0:27:15,0:29:10,0:31:12,0:31:14,0:32:02,0:34:10,0:17:21,0:19:20,0:12:40,0:17:02,0:18:33,0:19:11,0:20:45,0:28:15,0:26:06,0:27:04,0:32:20,0:37:38,0:32:07,0:34:05,0:35:05,0:34:02,0:32:05,0:33:06,0:34:05,0:38:19
,,,,,,,,,,,,,,,,,,,,,,,,,,,,,,,,,,,,,,,,,,
LC195,Ground Truth,0:04:24,0:04:37,0:05:10,0:05:16,0:05:34,0:05:40,0:06:30,0:06:53,0:06:53,0:09:40,0:11:07,0:11:33,N/A,N/A,0:09:39,0:11:07,0:11:27,0:13:23,0:14:23,0:15:45,0:13:23,0:13:23,0:13:29,0:16:10,0:16:35,0:13:34,0:13:41,0:13:53,0:13:56,0:16:46,0:16:55,0:16:55,0:17:10,0:17:11,0:21:03,N/A,N/A,N/A,N/A,0:21:28,0:21:56
LC195,Resident C,0:04:23,0:04:35,0:05:11,0:05:16,0:05:34,0:05:40,0:06:29,0:06:53,0:06:53,0:09:39,0:10:55,0:11:27,N/A,N/A,0:09:39,0:13:23,0:14:23,0:15:45,N/A,N/A,0:13:23,0:13:23,0:13:30,0:16:10,0:16:35,0:13:34,0:13:41,0:13:53,0:13:56,0:16:46,0:16:55,0:16:55,0:17:10,0:17:10,0:20:56,N/A,N/A,N/A,N/A,0:21:28,0:21:56
LC195,Layperson 5,0:04:23,0:04:33,0:05:12,0:05:17,N/A,N/A,0:06:27,0:06:50,0:06:57,0:09:39,N/A,N/A,N/A,N/A,0:09:48,0:13:23,N/A,N/A,N/A,N/A,N/A,0:13:22,0:13:29,0:13:33,0:13:42,0:16:14,0:16:34,0:16:46,0:16:53,0:16:46,0:16:53,0:16:46,0:17:09,0:17:10,0:20:57,N/A,N/A,N/A,N/A,0:21:26,0:22:04
LC195,AMT32,0:03:57,0:04:20,N/A,N/A,N/A,N/A,0:05:37,0:06:38,0:06:38,0:11:32,N/A,N/A,N/A,N/A,0:11:32,0:13:29,N/A,N/A,N/A,N/A,0:13:30,0:13:31,0:13:33,0:16:09,0:16:20,0:16:20,0:16:40,0:16:40,0:16:48,0:16:48,0:16:54,0:16:54,0:17:12,0:17:12,0:18:52,N/A,N/A,N/A,N/A,0:20:50,0:22:18
,,,,,,,,,,,,,,,,,,,,,,,,,,,,,,,,,,,,,,,,,,
LC196,Ground Truth,0:02:01,0:02:03,0:03:01,0:03:06,0:03:50,0:03:59,0:13:09,0:14:43,0:14:43,0:20:09,N/A,N/A,N/A,N/A,0:23:10,0:23:15,N/A,N/A,N/A,N/A,0:22:03,0:23:10,0:23:15,0:24:04,0:24:19,0:23:18,0:23:28,0:23:49,0:23:51,0:24:32,0:24:35,0:24:35,0:25:04,0:25:04,0:27:19,0:28:23,0:51:31,N/A,N/A,0:51:55,0:52:40
LC196,Resident E,0:02:03,0:02:04,0:03:02,0:03:07,0:03:51,0:04:00,0:13:12,0:14:43,0:14:44,0:19:28,N/A,N/A,N/A,N/A,0:20:16,0:23:13,N/A,N/A,N/A,N/A,0:23:12,0:23:11,0:23:16,0:24:05,0:24:23,0:23:31,0:23:40,0:23:50,0:23:52,0:24:32,0:24:36,0:24:37,0:24:59,0:25:04,0:51:31,N/A,N/A,N/A,N/A,0:51:54,0:52:42
LC196,Layperson 5,0:02:02,0:02:04,0:03:03,0:03:07,0:03:50,0:04:01,0:13:55,0:14:44,0:14:50,0:16:05,0:16:15,0:17:52,0:18:30,0:21:10,0:21:15,0:22:08,N/A,N/A,N/A,N/A,0:23:13,0:23:11,0:23:17,0:24:10,0:24:23,0:23:20,0:23:28,0:23:50,0:23:52,0:24:33,0:24:36,0:24:52,0:25:02,0:25:01,0:25:40,0:25:52,0:27:15,0:28:38,0:51:32,0:51:58,0:52:42
LC196,AMT32,0:01:08,0:02:03,N/A,N/A,N/A,N/A,0:02:03,0:02:44,0:02:44,0:05:12,0:07:27,0:09:50,0:14:44,0:15:11,0:21:50,0:23:12,N/A,N/A,N/A,N/A,0:23:12,0:23:12,0:23:17,0:23:17,0:23:24,0:23:24,0:23:30,0:23:41,0:23:52,0:24:01,0:24:35,0:24:35,0:24:42,0:24:42,0:24:51,0:36:42,0:39:46,0:49:42,0:51:38,0:51:55,0:52:26
,,,,,,,,,,,,,,,,,,,,,,,,,,,,,,,,,,,,,,,,,,
LC21,Ground Truth,0:00:52,0:01:01,0:02:05,0:02:08,N/A,N/A,0:05:02,0:05:34,0:05:33,0:06:32,0:13:15,0:18:10,N/A,N/A,0:19:03,0:21:37,0:26:50,0:32:42,0:33:05,0:46:59,N/A,0:33:49,0:34:17,0:49:10,0:51:34,0:35:15,0:35:25,0:35:40,0:36:02,0:51:43,0:51:58,0:51:58,0:53:41,0:54:15,0:57:33,0:58:30,1:12:00,N/A,N/A,1:16:29,1:18:02
LC21,Resident A,0:00:52,0:01:00,0:02:06,0:02:09,N/A,N/A,0:05:02,0:05:32,0:05:33,0:06:29,0:13:17,0:18:32,N/A,N/A,0:18:59,0:21:49,0:28:00,0:32:47,0:33:07,0:46:27,N/A,0:33:49,0:34:15,0:48:59,0:51:31,0:35:18,0:35:39,0:35:39,0:36:00,0:51:43,0:51:58,0:51:58,0:53:41,0:54:49,1:12:00,N/A,N/A,N/A,N/A,1:16:31,1:18:06
LC21,Layperson 4,0:00:53,0:02:10,N/A,N/A,N/A,N/A,0:05:03,0:05:32,0:05:33,0:07:50,0:10:37,0:18:52,N/A,N/A,0:21:37,0:43:47,N/A,N/A,N/A,N/A,0:20:40,0:33:49,0:34:15,0:49:10,0:51:33,0:35:22,0:35:25,0:35:49,0:36:02,0:51:43,0:51:55,0:52:00,0:54:16,0:54:17,0:56:00,0:56:39,0:57:39,0:58:30,1:12:00,1:16:31,1:18:06
LC21,AMT23,0:00:05,0:00:53,N/A,N/A,N/A,N/A,0:00:53,0:03:01,0:03:01,0:03:28,0:03:28,0:07:56,0:07:56,0:12:53,0:12:53,0:20:18,0:20:18,0:28:14,0:28:14,0:38:02,0:38:02,0:38:02,0:43:25,0:43:25,0:49:56,0:49:56,1:08:05,1:08:05,1:09:00,1:09:00,1:12:01,1:12:01,1:17:16,1:17:16,1:17:20,N/A,N/A,N/A,N/A,1:17:20,1:18:05
,,,,,,,,,,,,,,,,,,,,,,,,,,,,,,,,,,,,,,,,,,
LC217,Ground Truth,0:01:41,0:01:54,0:04:06,0:04:12,0:04:56,0:05:01,0:05:43,0:06:13,0:06:13,0:24:45,N/A,N/A,N/A,N/A,0:24:40,0:27:33,0:29:03,0:30:28,N/A,N/A,0:27:39,0:27:33,0:27:46,0:30:55,0:32:38,0:27:49,0:28:20,0:28:20,0:28:30,0:32:41,0:33:07,0:33:45,0:33:50,0:33:54,0:47:21,N/A,N/A,N/A,N/A,0:47:48,0:48:52
LC217,Resident D,0:01:41,0:01:53,0:04:02,0:04:12,0:04:56,0:05:01,0:05:40,0:06:13,0:06:13,0:24:40,N/A,N/A,N/A,N/A,0:24:40,0:27:33,0:29:03,0:30:28,N/A,N/A,0:27:39,0:27:33,0:27:46,0:30:55,0:32:37,0:27:49,0:28:18,0:28:18,0:28:30,0:32:45,0:33:07,0:33:45,0:33:50,0:33:54,0:47:21,N/A,N/A,N/A,N/A,0:47:48,0:48:52
LC217,Layperson 4,0:01:49,0:01:54,0:04:07,0:04:12,0:04:58,0:05:01,0:05:46,0:06:28,0:06:29,0:12:19,0:13:51,0:20:17,,,0:20:17,0:21:15,0:21:40,0:22:50,0:23:19,0:24:17,0:26:24,0:27:33,0:27:46,0:27:50,0:28:10,0:30:58,0:32:38,0:32:48,0:33:06,0:28:21,0:28:30,0:33:43,0:33:55,0:34:09,0:36:41,0:36:50,0:41:08,0:41:30,0:47:20,0:47:47,0:48:50
LC217,AMT30,0:00:08,0:01:50,N/A,N/A,N/A,N/A,0:05:02,0:05:38,0:05:38,0:19:33,N/A,N/A,N/A,N/A,0:26:01,0:27:47,N/A,N/A,N/A,N/A,0:27:47,0:27:48,0:27:52,0:27:52,0:28:04,0:28:04,0:28:11,0:28:19,0:31:23,0:31:23,0:32:52,0:32:52,0:32:08,0:34:15,0:44:46,N/A,N/A,N/A,N/A,0:45:46,0:49:08
,,,,,,,,,,,,,,,,,,,,,,,,,,,,,,,,,,,,,,,,,,
LC22,Ground Truth,0:01:12,0:01:20,0:02:14,0:02:19,0:03:13,0:03:17,0:04:26,0:06:18,0:06:18,0:10:40,N/A,N/A,N/A,N/A,0:10:40,0:13:09,0:13:23,0:13:45,N/A,N/A,0:13:09,0:13:46,0:13:53,0:14:03,0:15:08,0:15:41,0:16:20,0:15:21,0:15:30,0:16:40,0:16:44,0:17:21,0:17:23,0:17:23,0:20:23,N/A,N/A,N/A,N/A,N/A,N/A
LC22,Resident A,0:01:12,0:01:20,0:02:14,0:02:19,0:03:14,0:03:17,0:04:25,0:06:17,0:06:17,0:10:30,N/A,N/A,N/A,N/A,0:10:30,0:09:29,0:09:37,0:13:45,N/A,N/A,0:13:09,0:13:46,0:13:53,0:14:04,0:15:09,0:15:43,0:16:22,0:15:20,0:15:30,0:16:41,0:16:44,0:17:20,0:17:27,0:17:27,0:20:22,N/A,N/A,N/A,N/A,N/A,N/A
LC22,Layperson 5,0:01:13,0:01:21,0:02:15,0:02:21,0:03:14,0:03:18,0:04:24,0:06:17,0:06:19,0:09:30,0:10:44,0:13:01,N/A,N/A,0:09:50,0:10:45,N/A,N/A,N/A,N/A,0:13:15,0:13:46,0:13:50,0:14:12,0:15:18,0:15:42,0:16:20,0:15:40,0:16:03,0:16:20,0:16:40,0:17:20,0:18:10,0:18:12,0:22:23,N/A,N/A,N/A,N/A,N/A,N/A
LC22,AMT10,0:01:16,0:24:22,0:02:16,0:23:59,0:03:15,0:23:34,0:03:49,0:05:06,0:15:25,0:20:53,N/A,N/A,N/A,N/A,0:06:02,0:09:09,N/A,N/A,N/A,N/A,0:11:45,0:18:58,0:21:15,0:14:06,0:16:00,0:12:06,0:13:01,0:18:50,0:19:07,0:23:06,0:23:41,0:00:00,0:00:00,0:24:23,0:25:35,N/A,N/A,N/A,N/A,0:20:56,0:24:06
,,,,,,,,,,,,,,,,,,,,,,,,,,,,,,,,,,,,,,,,,,
LC23,Ground Truth,0:00:53,0:01:00,0:02:52,0:02:56,N/A,N/A,0:03:34,0:04:21,0:04:21,0:05:17,0:05:40,0:08:07,N/A,N/A,0:08:07,0:10:07,0:12:10,0:12:32,N/A,N/A,N/A,0:10:07,0:10:14,0:12:44,0:13:29,0:11:22,0:11:46,0:11:51,0:11:59,0:13:51,0:13:55,0:13:55,0:14:05,0:14:05,0:18:20,N/A,N/A,N/A,N/A,0:25:19,0:25:51
LC23,Resident B,0:00:55,0:01:02,0:02:52,0:02:56,N/A,N/A,0:03:34,0:04:20,0:04:20,0:08:05,N/A,N/A,N/A,N/A,0:08:05,0:10:07,0:12:01,0:12:32,N/A,N/A,N/A,0:10:07,0:10:14,0:12:44,0:13:29,0:11:22,0:11:46,0:11:53,0:11:59,0:13:51,0:13:55,0:13:55,0:14:00,0:14:00,0:18:17,N/A,N/A,N/A,N/A,0:25:18,0:25:48
LC23,Layperson 4,0:00:52,0:01:00,0:02:54,0:02:58,N/A,N/A,0:03:35,0:04:20,0:04:20,0:05:40,0:05:48,0:07:43,0:07:54,0:08:39,0:08:10,0:10:09,N/A,N/A,N/A,N/A,0:08:53,0:10:06,0:10:14,0:12:44,0:13:30,0:11:25,0:11:46,0:11:50,0:11:59,0:13:52,0:13:56,0:13:57,0:14:04,0:14:04,0:17:01,0:17:14,0:18:17,N/A,N/A,0:25:18,0:25:50
LC23,AMT30,0:00:00,0:00:53,N/A,N/A,N/A,N/A,0:00:53,0:03:30,0:03:30,0:11:21,N/A,N/A,N/A,N/A,0:11:21,0:11:19,N/A,N/A,N/A,N/A,0:10:08,0:09:42,0:11:49,0:12:44,0:13:35,0:13:04,0:13:08,0:13:08,0:13:21,0:13:21,0:13:56,0:13:57,0:14:01,0:17:03,0:18:32,N/A,N/A,N/A,N/A,0:19:00,0:20:52
,,,,,,,,,,,,,,,,,,,,,,,,,,,,,,,,,,,,,,,,,,
LC24,Ground Truth,0:00:47,0:00:51,0:01:47,0:01:56,0:02:29,0:02:34,0:04:06,0:15:24,0:15:25,0:17:00,0:17:55,0:19:37,N/A,N/A,0:19:40,0:20:03,0:20:13,0:28:00,N/A,N/A,N/A,0:27:59,0:28:05,0:28:08,0:29:07,N/A,N/A,N/A,N/A,0:29:19,0:29:30,0:29:31,0:29:36,0:29:39,0:45:42,N/A,N/A,N/A,N/A,0:47:13,0:48:04
LC24,Resident D,0:00:47,0:00:51,0:01:47,0:01:56,0:02:29,0:02:34,0:04:05,0:15:25,0:15:25,0:19:37,N/A,N/A,N/A,N/A,0:19:37,0:27:59,N/A,N/A,N/A,N/A,N/A,0:27:59,0:28:05,0:28:08,0:29:07,N/A,N/A,N/A,N/A,0:29:19,0:29:30,0:29:31,0:29:36,0:29:39,0:40:13,0:40:43,0:45:42,N/A,N/A,0:47:13,0:48:04
LC24,Layperson 4,0:00:50,0:00:52,0:01:53,0:01:56,0:02:32,0:02:33,0:04:07,0:04:30,0:04:31,0:05:05,0:06:06,0:11:48,0:12:10,0:25:11,0:25:12,0:27:04,N/A,N/A,N/A,N/A,0:27:19,0:27:59,0:28:05,0:28:13,0:29:07,N/A,N/A,0:27:10,0:27:58,0:29:19,0:29:29,0:29:30,0:29:39,0:30:25,0:32:23,0:33:14,0:35:25,0:35:55,0:45:45,0:47:15,0:48:04
LC24,AMT9,0:00:05,0:02:59,N/A,N/A,N/A,N/A,0:02:59,0:05:42,0:05:42,0:08:13,N/A,N/A,N/A,N/A,0:08:13,0:12:42,N/A,N/A,N/A,N/A,0:12:42,0:12:42,0:16:24,0:16:24,0:19:30,0:19:30,0:25:45,0:25:45,0:30:12,0:30:12,0:36:14,0:36:14,0:42:15,0:42:15,0:47:32,N/A,N/A,N/A,N/A,0:47:32,0:50:40
,,,,,,,,,,,,,,,,,,,,,,,,,,,,,,,,,,,,,,,,,,
LC3,Ground Truth,0:03:15,0:03:17,0:03:50,0:03:52,0:03:58,0:04:01,0:04:24,0:08:08,0:08:08,0:09:32,N/A,N/A,N/A,N/A,0:09:32,0:17:49,N/A,N/A,N/A,N/A,0:17:49,0:17:49,0:17:57,0:18:46,0:19:09,0:18:13,0:18:39,0:20:00,0:20:03,0:19:18,0:19:25,0:20:04,0:20:08,0:20:10,0:23:42,N/A,N/A,N/A,N/A,0:24:03,0:24:59
LC3,Resident D,0:03:17,0:03:19,0:03:51,0:03:53,0:03:59,0:04:02,0:04:26,0:08:07,0:08:08,0:07:52,0:08:07,0:09:50,N/A,N/A,0:09:50,0:14:17,0:14:40,0:18:06,N/A,N/A,0:17:49,0:17:46,0:17:56,0:18:47,0:19:09,0:18:18,0:18:40,0:20:00,0:20:02,0:19:19,0:19:25,0:20:04,0:20:13,0:20:22,0:23:41,N/A,N/A,N/A,N/A,0:24:10,0:24:57
LC3,Layperson 5,0:03:16,0:03:19,0:03:52,0:03:54,0:04:00,0:04:01,0:04:27,0:05:07,0:05:07,0:09:00,0:09:05,0:10:54,0:12:40,0:14:03,0:14:21,0:17:50,N/A,N/A,N/A,N/A,N/A,0:17:49,0:17:56,0:18:16,0:19:09,0:18:48,0:19:05,0:20:00,0:20:01,0:19:19,0:19:25,0:20:02,0:20:07,0:20:22,0:23:40,N/A,N/A,N/A,N/A,0:24:03,0:24:59
LC3,AMT32,0:02:27,0:03:15,N/A,N/A,N/A,N/A,0:03:58,0:04:15,0:04:15,0:18:08,N/A,N/A,N/A,N/A,0:18:08,0:18:13,N/A,N/A,N/A,N/A,0:17:55,0:18:13,0:18:17,0:18:17,0:18:24,0:18:24,0:18:52,0:18:52,0:19:10,0:19:16,0:19:27,0:19:27,0:20:04,0:20:04,0:23:40,N/A,N/A,N/A,N/A,0:24:02,0:26:59
,,,,,,,,,,,,,,,,,,,,,,,,,,,,,,,,,,,,,,,,,,
LC32,Ground Truth,0:01:34,0:01:38,0:02:08,0:02:12,N/A,N/A,0:02:56,0:03:43,0:03:43,0:07:53,N/A,N/A,N/A,N/A,0:07:54,0:11:53,N/A,N/A,N/A,N/A,N/A,0:11:53,0:12:00,0:12:03,0:13:20,N/A,N/A,N/A,N/A,0:13:28,0:13:48,0:13:48,0:13:55,0:13:55,0:19:17,0:21:54,0:25:21,N/A,N/A,0:31:46,0:32:24
LC32,Resident A,0:01:34,0:01:38,0:02:08,0:02:13,N/A,N/A,0:02:56,0:03:42,0:03:43,0:04:56,0:05:07,0:07:27,N/A,N/A,0:07:39,0:11:52,N/A,N/A,N/A,N/A,N/A,0:11:52,0:11:59,0:12:03,0:13:21,N/A,N/A,N/A,N/A,0:13:30,0:13:46,0:13:49,0:13:54,0:13:55,0:19:58,0:21:54,0:25:22,N/A,N/A,0:31:47,0:32:24
LC32,Layperson 5,0:02:09,0:02:12,N/A,N/A,N/A,N/A,0:02:56,0:03:45,0:03:45,0:10:05,N/A,N/A,N/A,N/A,0:10:05,0:12:00,N/A,N/A,N/A,N/A,N/A,0:11:53,0:12:00,0:12:03,0:13:20,0:20:29,0:29:40,N/A,N/A,0:13:28,0:13:48,0:13:49,0:13:54,0:13:55,0:19:43,0:21:53,0:25:22,N/A,N/A,0:31:44,0:32:24
LC32,AMT21,0:01:38,0:01:40,0:01:40,0:01:56,N/A,N/A,0:02:41,0:02:56,0:03:41,0:07:42,N/A,N/A,N/A,N/A,0:07:44,7:57:56,N/A,N/A,N/A,N/A,N/A,0:11:58,0:11:59,0:12:57,0:13:04,0:13:05,0:13:23,0:13:29,0:13:58,0:14:08,0:14:09,0:14:10,0:14:24,0:14:29,0:25:55,N/A,N/A,N/A,N/A,0:31:22,0:32:15
,,,,,,,,,,,,,,,,,,,,,,,,,,,,,,,,,,,,,,,,,,
LC37,Ground Truth,0:00:51,0:00:57,0:02:35,0:02:39,N/A,N/A,0:03:24,0:05:15,0:05:41,0:10:11,0:10:40,0:21:11,N/A,N/A,0:21:11,0:22:30,0:27:53,0:39:15,N/A,N/A,N/A,0:22:28,0:22:35,0:39:27,0:41:46,0:22:40,0:22:51,0:23:06,0:23:14,0:41:56,0:42:11,0:42:11,0:42:37,0:42:37,0:44:23,0:44:35,0:46:44,N/A,N/A,0:48:37,0:49:55
LC37,Resident B,0:00:51,0:00:58,0:02:35,0:02:39,N/A,N/A,0:03:24,0:05:40,0:05:40,0:21:11,N/A,N/A,N/A,N/A,0:21:11,0:22:28,0:27:53,0:33:39,0:35:21,0:39:15,N/A,0:22:28,0:22:35,0:39:27,0:41:46,0:22:40,0:22:51,0:23:06,0:23:14,0:41:56,0:42:11,0:42:11,0:42:37,0:42:37,0:46:44,N/A,N/A,N/A,N/A,0:48:37,0:49:55
LC37,Layperson 4,0:00:51,0:00:58,0:02:35,0:02:39,N/A,N/A,0:03:24,0:04:15,0:04:16,0:05:56,0:06:50,0:18:16,N/A,N/A,0:21:28,0:22:36,N/A,N/A,N/A,N/A,0:22:26,0:22:28,0:22:26,0:39:26,0:41:47,0:22:43,0:22:52,0:23:10,0:23:15,0:41:57,0:42:11,0:42:12,0:42:37,0:42:40,0:44:23,0:44:35,0:46:44,N/A,N/A,0:48:38,0:50:01
LC37,AMT7,0:00:01,0:03:56,N/A,N/A,N/A,N/A,0:03:56,0:08:24,0:08:24,0:12:48,N/A,N/A,N/A,N/A,0:12:48,0:16:52,N/A,N/A,N/A,N/A,0:16:52,0:16:52,0:20:44,0:20:44,0:24:58,0:24:58,0:28:32,0:28:32,0:32:35,0:32:35,0:36:12,0:36:12,0:39:47,0:39:47,0:42:36,N/A,N/A,N/A,N/A,0:42:36,0:46:50
,,,,,,,,,,,,,,,,,,,,,,,,,,,,,,,,,,,,,,,,,,
LC41,Ground Truth,0:00:49,0:00:53,0:02:04,0:02:11,0:03:11,0:03:16,0:04:35,0:06:10,0:06:10,0:09:01,N/A,N/A,N/A,N/A,0:09:01,0:12:34,N/A,N/A,N/A,N/A,0:12:34,0:13:32,0:13:40,0:13:51,0:15:09,0:15:45,0:16:06,0:16:15,0:16:21,0:15:19,0:15:29,0:16:21,0:16:31,0:16:31,0:20:58,N/A,N/A,N/A,N/A,N/A,N/A
LC41,Resident B,0:00:48,0:00:53,0:02:04,0:02:11,0:03:04,0:03:16,0:04:34,0:04:59,0:06:04,0:10:57,N/A,N/A,N/A,N/A,0:10:57,0:12:44,N/A,N/A,N/A,N/A,0:11:49,0:13:32,0:13:40,0:13:49,0:15:07,0:15:44,0:16:05,0:16:14,0:16:21,0:15:18,0:15:29,0:16:21,0:16:29,0:16:30,0:20:59,N/A,N/A,N/A,N/A,N/A,N/A
LC41,Layperson 5,0:00:50,0:00:53,0:02:04,0:02:12,0:03:12,0:03:16,0:04:34,0:06:10,0:06:11,0:08:54,N/A,N/A,N/A,N/A,0:09:08,0:12:59,N/A,N/A,N/A,N/A,0:13:07,0:13:31,0:13:40,0:13:51,0:15:08,0:15:45,0:16:07,0:16:14,0:16:22,0:15:20,0:15:39,0:16:22,0:16:28,0:16:32,0:19:12,0:20:11,0:21:27,N/A,N/A,N/A,N/A
LC41,AMT14,0:00:10,0:03:19,N/A,N/A,N/A,N/A,0:02:05,0:06:15,0:04:28,0:20:59,N/A,N/A,N/A,N/A,0:03:56,0:21:29,N/A,N/A,N/A,N/A,0:11:00,0:13:44,0:14:33,0:14:12,0:15:11,0:15:42,0:16:07,0:16:11,0:16:22,0:15:11,0:16:23,0:19:34,0:20:05,0:20:06,0:20:59,N/A,N/A,N/A,N/A,0:21:10,0:02:48
,,,,,,,,,,,,,,,,,,,,,,,,,,,,,,,,,,,,,,,,,,
"LC42 ",Ground Truth,0:01:17,0:01:22,0:02:53,0:02:58,0:03:35,0:03:39,0:04:20,0:07:31,0:07:31,0:21:19,0:22:09,0:25:39,0:26:08,0:27:33,0:27:33,0:31:14,N/A,N/A,N/A,N/A,N/A,0:31:14,0:31:24,0:32:01,0:36:24,0:41:50,0:42:03,N/A,N/A,0:36:44,0:37:14,0:37:14,0:38:04,0:39:12,0:39:36,N/A,N/A,N/A,N/A,0:43:44,0:46:04
LC42,Resident E,0:01:18,0:01:23,0:02:54,0:02:59,0:03:35,0:03:40,0:04:19,0:07:22,0:07:39,0:10:50,0:11:49,0:21:21,0:23:43,0:25:57,0:26:09,0:31:18,N/A,N/A,N/A,N/A,N/A,0:31:12,0:31:24,0:31:01,0:31:37,0:33:59,0:35:03,N/A,N/A,0:36:43,0:37:16,0:37:19,0:37:53,0:38:04,0:39:48,N/A,N/A,N/A,N/A,0:43:45,0:46:06
LC42,Layperson 5,0:01:18,0:01:23,0:02:54,0:02:59,0:03:36,0:03:41,0:06:57,0:07:22,0:07:22,0:08:10,0:09:25,0:16:06,0:17:35,0:21:00,0:26:10,0:30:05,N/A,N/A,N/A,N/A,0:30:41,0:31:12,0:31:25,0:32:10,0:36:25,N/A,N/A,N/A,N/A,0:36:53,0:37:14,0:37:25,0:38:05,0:38:05,0:39:38,N/A,N/A,N/A,N/A,0:43:45,0:46:10
LC42,AMT30,0:00:27,0:01:41,N/A,N/A,N/A,N/A,0:03:57,0:04:40,0:24:08,0:31:58,N/A,N/A,N/A,N/A,0:31:58,0:32:01,N/A,N/A,N/A,N/A,0:32:01,0:32:01,0:36:48,0:32:01,0:32:57,0:32:57,0:36:48,0:36:48,0:37:15,0:37:15,0:37:36,0:37:36,0:38:36,0:40:05,0:42:42,N/A,N/A,N/A,N/A,0:43:58,0:46:39
,,,,,,,,,,,,,,,,,,,,,,,,,,,,,,,,,,,,,,,,,,
LC52,Ground Truth,0:01:13,0:01:17,0:02:03,0:02:14,N/A,N/A,0:03:08,0:04:28,0:04:28,0:14:12,N/A,N/A,N/A,N/A,0:14:20,0:16:51,0:17:40,0:24:27,0:25:56,0:27:55,N/A,0:28:08,0:28:17,0:28:21,0:29:16,N/A,N/A,N/A,N/A,0:29:57,0:30:03,0:30:06,0:30:10,0:30:30,0:37:28,N/A,N/A,N/A,N/A,0:38:50,0:39:40
LC52,Resident E,0:01:12,0:01:17,0:02:03,0:02:15,N/A,N/A,0:03:07,0:04:25,0:04:27,0:14:12,N/A,N/A,N/A,N/A,0:14:20,0:16:51,0:17:42,0:24:27,0:25:56,0:28:07,N/A,0:28:08,0:28:17,0:28:21,0:29:16,N/A,N/A,N/A,N/A,0:29:57,0:30:03,0:30:06,0:30:10,0:30:31,0:37:28,N/A,N/A,N/A,N/A,0:38:55,0:39:42
LC52,Layperson 3,0:02:03,0:02:08,N/A,N/A,N/A,N/A,0:03:28,0:04:28,0:04:29,0:18:24,N/A,N/A,N/A,N/A,0:18:29,0:24:31,0:25:52,0:27:30,N/A,N/A,N/A,0:28:12,0:28:15,0:28:16,0:29:15,N/A,N/A,N/A,N/A,0:29:55,0:30:02,0:30:02,0:30:19,0:30:20,0:37:30,N/A,N/A,N/A,N/A,0:38:55,0:39:37
LC52,AMT29,0:04:00,0:15:00,N/A,N/A,N/A,N/A,0:15:00,0:20:00,0:21:00,0:30:00,N/A,N/A,N/A,N/A,0:35:00,0:38:00,N/A,N/A,N/A,N/A,0:40:00,0:48:00,0:35:00,0:41:00,0:42:00,0:43:00,0:44:00,0:25:00,0:28:00,0:30:00,0:32:00,0:25:00,0:27:00,0:27:00,0:29:00,N/A,N/A,N/A,N/A,0:41:00,0:45:00
,,,,,,,,,,,,,,,,,,,,,,,,,,,,,,,,,,,,,,,,,,
LC53,Ground Truth,0:01:00,0:01:04,0:02:56,0:03:16,N/A,N/A,0:04:16,0:05:12,0:05:13,0:06:21,0:06:45,0:26:50,N/A,N/A,0:26:50,0:33:53,0:37:36,0:37:51,N/A,N/A,N/A,0:33:51,0:34:00,0:34:07,0:36:59,0:38:00,0:38:03,0:38:12,0:38:24,0:37:07,0:37:23,0:38:25,0:38:26,0:38:26,0:20:01,0:38:30,0:49:06,N/A,N/A,0:55:20,0:58:28
LC53,Resident C,0:00:59,0:01:04,0:02:56,0:03:15,N/A,N/A,0:04:16,0:05:09,0:05:09,0:06:21,0:06:45,0:26:50,N/A,N/A,0:26:50,0:33:40,0:37:36,0:37:51,N/A,N/A,N/A,0:33:52,0:34:00,0:34:07,0:36:59,0:38:00,0:38:01,0:38:12,0:38:24,0:37:07,0:37:23,0:38:25,0:38:26,0:38:26,0:49:06,N/A,N/A,N/A,N/A,0:55:17,0:58:30
LC53,Layperson 3,0:01:00,0:01:04,0:02:54,0:03:18,N/A,N/A,0:04:21,0:05:04,0:05:04,0:14:28,N/A,N/A,N/A,N/A,0:14:28,0:15:14,0:27:01,0:29:55,0:32:00,0:33:55,N/A,0:33:34,0:34:00,0:38:00,0:38:05,0:34:08,0:36:51,0:37:10,0:37:24,0:38:13,0:38:23,0:38:24,0:38:26,0:15:10,0:18:33,0:38:27,0:39:06,0:40:32,0:49:08,0:55:32,0:58:26
LC53,AMT8,0:00:01,0:04:18,N/A,N/A,N/A,N/A,0:04:18,0:08:16,0:08:16,0:13:36,N/A,N/A,N/A,N/A,0:13:36,0:18:53,N/A,N/A,N/A,N/A,0:18:53,0:18:53,0:23:45,0:23:45,0:28:39,0:28:39,0:32:11,0:32:11,0:37:51,0:37:51,0:42:16,0:42:16,0:48:03,0:48:03,0:54:43,N/A,N/A,N/A,N/A,0:54:43,0:59:08
,,,,,,,,,,,,,,,,,,,,,,,,,,,,,,,,,,,,,,,,,,
LC60,Ground Truth,0:02:11,0:02:16,0:02:23,0:02:25,0:02:35,0:02:36,0:03:20,0:04:17,0:04:17,0:13:14,N/A,N/A,N/A,N/A,0:13:14,0:17:39,N/A,N/A,N/A,N/A,0:17:27,0:17:39,0:17:46,0:19:23,0:22:39,0:17:55,0:17:56,0:18:44,0:18:54,0:22:51,0:22:52,0:22:52,0:23:14,0:23:14,0:26:50,N/A,N/A,N/A,N/A,0:27:24,0:31:29
LC60,Resident C,0:02:12,0:02:16,0:02:23,0:02:25,0:02:35,0:02:36,0:03:20,0:04:23,0:04:23,0:13:08,N/A,N/A,N/A,N/A,0:13:08,0:17:39,N/A,N/A,N/A,N/A,0:17:30,0:17:39,0:17:46,0:19:23,0:22:40,0:17:54,0:17:56,0:18:44,0:18:54,0:22:51,0:22:52,0:23:01,0:23:10,0:23:10,0:26:53,N/A,N/A,N/A,N/A,0:27:20,0:31:29
LC60,Layperson 3,0:02:11,0:02:16,0:02:22,0:02:25,0:02:34,0:02:37,0:03:23,0:04:09,0:04:09,0:08:42,0:09:55,0:11:00,N/A,N/A,0:14:39,0:16:47,0:16:59,0:17:37,N/A,N/A,N/A,0:17:38,0:17:46,0:17:55,0:17:59,0:19:24,0:22:39,0:22:52,0:22:53,0:18:45,0:18:53,0:22:53,0:23:15,0:23:15,0:26:50,N/A,N/A,N/A,N/A,0:22:20,0:28:28
LC60,AMT29,0:00:50,0:20:00,N/A,N/A,N/A,N/A,0:01:45,0:01:50,0:15:00,0:25:00,N/A,N/A,N/A,N/A,0:20:00,0:50:00,N/A,N/A,N/A,N/A,0:50:00,1:30:00,1:35:00,0:20:00,0:45:00,0:30:00,0:35:00,0:26:00,0:30:00,0:15:00,0:20:00,0:15:00,0:16:00,0:14:32,0:25:00,0:15:20,0:20:00,0:25:00,0:40:00,0:11:54,0:45:00
,,,,,,,,,,,,,,,,,,,,,,,,,,,,,,,,,,,,,,,,,,
LC7,Ground Truth,0:03:58,0:03:59,0:05:47,0:05:49,0:06:33,0:06:36,0:08:00,0:08:54,0:08:54,0:40:04,0:42:44,0:45:16,0:47:37,0:47:59,0:40:39,0:42:44,0:45:47,0:47:36,N/A,N/A,0:47:18,0:47:59,0:48:09,0:48:22,0:49:02,0:49:08,0:49:21,0:49:32,0:49:34,0:49:37,0:49:45,0:49:45,0:50:05,0:50:05,0:52:53,N/A,N/A,N/A,N/A,0:53:32,0:54:22
LC7,Resident B,0:03:57,0:03:59,0:05:47,0:05:49,0:06:33,0:06:36,0:07:59,0:08:54,0:08:54,0:40:04,0:42:44,0:45:12,0:47:36,0:47:59,0:40:39,0:42:44,0:45:47,0:47:36,N/A,N/A,0:47:17,0:47:59,0:48:09,0:48:22,0:49:02,0:49:08,0:49:21,0:49:32,0:49:34,0:49:37,0:49:45,0:49:45,0:50:05,0:50:05,0:52:53,N/A,N/A,N/A,N/A,0:53:32,0:54:22
LC7,Layperson 5,0:03:58,0:04:00,0:05:46,0:05:50,0:06:33,0:06:37,0:08:01,0:09:01,0:09:02,0:16:14,0:17:22,0:22:49,0:23:28,0:40:40,0:40:40,0:45:09,0:45:53,0:48:11,N/A,N/A,0:47:29,0:48:00,0:48:10,0:48:22,0:49:02,0:49:08,0:49:20,0:49:32,0:49:35,0:49:37,0:49:46,0:49:46,0:50:05,0:50:05,0:51:04,0:51:50,0:52:54,N/A,N/A,0:53:32,0:54:22
LC7,AMT24,0:02:37,0:03:45,N/A,N/A,N/A,N/A,0:03:45,0:04:01,0:04:01,0:09:23,0:09:23,0:14:00,N/A,N/A,0:14:00,0:18:56,0:18:56,0:25:01,N/A,N/A,0:25:01,0:25:01,0:28:14,0:28:14,0:34:10,0:34:10,0:39:45,0:39:45,0:43:07,0:43:07,0:47:23,0:47:23,0:49:12,0:49:12,0:51:03,0:51:03,0:52:12,N/A,N/A,0:52:12,0:54:26
,,,,,,,,,,,,,,,,,,,,,,,,,,,,,,,,,,,,,,,,,,
"LC70 ",Ground Truth,0:01:30,0:01:35,0:02:03,0:02:05,0:02:28,0:02:30,0:05:10,0:06:03,0:06:03,0:18:39,0:19:48,0:20:15,0:21:50,0:27:28,0:27:28,0:36:36,N/A,N/A,N/A,N/A,N/A,0:18:39,0:18:48,0:36:51,0:38:14,0:18:53,0:19:00,0:19:08,0:19:37,0:38:20,0:38:29,0:38:29,0:39:08,0:39:08,0:40:51,N/A,N/A,N/A,N/A,0:44:58,0:46:12
"LC70 ",Resident E,0:01:33,0:01:35,0:02:03,0:02:05,0:02:28,0:02:29,0:05:10,0:07:55,0:07:55,0:18:39,0:19:51,0:20:15,0:21:48,0:27:33,0:27:33,0:36:40,N/A,N/A,N/A,N/A,N/A,0:18:39,0:18:47,0:36:51,0:38:14,0:18:53,0:19:00,0:19:12,0:19:37,0:38:20,0:38:29,0:38:29,0:39:12,0:39:12,0:40:51,N/A,N/A,N/A,N/A,0:44:58,0:46:12
LC70,Layperson 3,0:01:31,0:01:34,0:02:03,0:02:04,0:02:28,0:02:30,0:05:10,0:06:09,0:06:11,0:15:20,N/A,N/A,N/A,N/A,0:15:33,0:20:18,0:21:36,0:36:03,N/A,N/A,0:36:03,0:36:40,0:36:48,0:36:51,0:38:51,N/A,N/A,N/A,N/A,0:38:24,0:38:30,0:38:30,0:39:13,0:39:14,0:40:52,N/A,N/A,N/A,N/A,0:45:01,0:46:12
LC70,AMT32,0:00:25,0:02:07,N/A,N/A,N/A,N/A,0:02:07,0:02:57,0:02:57,0:18:22,N/A,N/A,N/A,N/A,0:18:22,0:18:40,N/A,N/A,N/A,N/A,0:18:40,0:18:40,0:18:48,0:18:48,0:19:03,0:19:03,0:19:41,0:19:41,0:19:45,0:19:45,0:19:52,0:19:52,0:19:59,0:40:59,0:43:52,N/A,N/A,N/A,N/A,0:43:52,0:47:29
,,,,,,,,,,,,,,,,,,,,,,,,,,,,,,,,,,,,,,,,,,
LC80,Ground Truth,0:01:47,0:01:51,0:02:25,0:02:29,N/A,N/A,0:04:08,0:05:20,0:05:20,0:12:03,N/A,N/A,N/A,N/A,0:12:00,0:18:18,N/A,N/A,N/A,N/A,0:18:14,0:18:18,0:18:32,0:18:34,0:19:33,0:19:47,0:20:03,0:20:05,0:20:13,0:20:21,0:20:36,0:20:36,0:21:31,0:21:31,0:28:51,N/A,N/A,N/A,N/A,0:20:18,0:30:25
LC80,Resident D,0:01:24,0:01:27,0:01:47,0:01:51,0:02:25,0:02:28,0:04:08,0:05:25,0:05:25,0:12:03,N/A,N/A,N/A,N/A,0:12:03,0:18:18,N/A,N/A,N/A,N/A,0:18:14,0:18:18,0:18:32,0:18:35,0:19:33,0:19:47,0:20:03,0:20:05,0:20:13,0:20:21,0:20:37,0:20:37,0:21:31,0:21:31,0:28:51,N/A,N/A,N/A,N/A,0:20:18,0:30:25
LC80,Layperson 3,0:01:48,0:01:52,0:02:26,0:02:29,N/A,N/A,0:03:51,0:05:17,0:05:17,0:10:20,0:11:04,0:11:27,N/A,N/A,0:11:28,0:18:18,N/A,N/A,N/A,N/A,0:18:18,0:18:18,0:18:32,0:18:33,0:19:33,0:19:49,0:19:52,0:20:05,0:20:24,0:20:22,0:20:38,0:20:38,0:21:31,0:21:32,0:28:51,N/A,N/A,N/A,N/A,0:29:18,0:30:23
LC80,AMT15,0:05:24,0:07:01,0:07:01,0:09:04,N/A,N/A,0:09:04,0:13:07,0:13:07,0:17:03,0:17:03,0:20:05,0:00:00,0:00:00,0:20:05,0:26:13,0:26:13,0:31:57,N/A,N/A,0:31:57,0:31:58,0:35:11,0:35:11,0:41:56,0:41:56,0:49:15,0:49:15,0:54:01,0:54:01,0:58:04,0:58:04,1:02:13,1:02:13,1:05:37,1:05:37,1:07:12,N/A,N/A,1:07:12,1:09:32
,,,,,,,,,,,,,,,,,,,,,,,,,,,,,,,,,,,,,,,,,,
LC82,Ground Truth,0:06:47,0:06:48,N/A,N/A,N/A,N/A,0:07:23,0:08:09,0:08:12,0:11:46,0:13:16,0:14:13,N/A,N/A,0:11:51,0:12:24,0:14:18,0:17:08,0:19:54,0:21:41,N/A,0:17:10,0:17:20,0:17:25,0:18:17,0:21:48,0:22:54,0:22:49,0:22:58,0:18:34,0:18:52,0:22:54,0:23:00,0:23:03,0:30:30,N/A,N/A,N/A,N/A,0:31:09,0:31:56
LC82,Resident B,0:06:47,0:06:51,N/A,N/A,N/A,N/A,0:07:23,0:08:05,0:08:12,0:11:46,0:13:16,0:14:13,N/A,N/A,0:11:51,0:12:24,0:14:18,0:17:08,0:19:54,0:21:41,N/A,0:17:12,0:17:22,0:17:25,0:18:17,0:21:48,0:22:54,0:22:49,0:22:58,0:18:34,0:18:52,0:22:54,0:23:00,0:23:05,0:30:32,N/A,N/A,N/A,N/A,0:31:12,0:31:56
LC82,Layperson 3,0:06:44,0:06:48,N/A,N/A,N/A,N/A,0:07:25,0:08:05,0:08:05,0:10:50,N/A,N/A,N/A,N/A,0:10:50,0:12:25,0:13:15,0:17:08,0:19:12,0:21:36,N/A,0:17:06,0:17:22,0:17:25,0:18:14,0:22:14,0:22:22,0:22:49,0:23:11,0:18:34,0:18:51,0:23:11,0:23:12,0:23:13,0:30:34,N/A,N/A,N/A,N/A,0:31:09,0:31:56
LC82,AMT31,0:05:16,0:06:05,N/A,N/A,N/A,N/A,0:06:05,0:07:14,0:07:14,0:09:03,N/A,N/A,N/A,N/A,0:09:03,0:12:59,0:12:59,0:14:26,N/A,N/A,0:14:27,0:14:28,0:15:01,0:15:01,0:17:31,0:17:31,0:20:11,0:20:11,0:23:14,0:23:14,0:27:02,0:27:02,0:29:11,0:29:11,0:31:15,N/A,N/A,N/A,N/A,0:31:15,0:32:31
,,,,,,,,,,,,,,,,,,,,,,,,,,,,,,,,,,,,,,,,,,
LC85,Ground Truth,0:02:39,0:02:41,N/A,N/A,N/A,N/A,0:03:07,0:04:11,0:04:11,0:05:57,0:06:54,0:07:46,0:08:43,0:09:17,0:07:46,0:08:43,0:09:20,0:10:21,N/A,N/A,0:10:21,0:10:23,0:10:32,0:11:09,0:13:17,0:10:34,0:10:35,0:10:35,0:10:42,0:13:28,0:13:37,0:13:37,0:13:48,0:13:48,0:16:30,N/A,N/A,N/A,N/A,N/A,N/A
LC85,Resident A,0:02:39,0:02:42,N/A,N/A,N/A,N/A,0:03:06,0:04:11,0:04:12,0:05:52,0:06:54,0:07:35,N/A,N/A,0:07:46,0:10:23,N/A,N/A,N/A,N/A,0:10:24,0:10:23,0:10:31,0:11:09,0:13:17,0:10:34,0:10:36,0:10:36,0:10:41,0:13:29,0:13:36,0:13:36,0:13:46,0:13:47,0:16:30,N/A,N/A,N/A,N/A,N/A,N/A
LC85,Layperson 3,0:02:39,0:02:43,N/A,N/A,N/A,N/A,0:03:18,0:03:28,0:04:10,0:05:50,0:07:00,0:07:32,N/A,N/A,0:07:31,0:10:24,N/A,N/A,N/A,N/A,0:10:25,0:10:26,0:10:36,0:11:11,0:13:19,N/A,N/A,0:10:36,0:10:43,0:13:35,0:13:36,0:13:36,0:13:51,0:13:51,0:14:14,0:14:37,0:16:31,N/A,N/A,N/A,N/A
LC85,AMT25,0:02:12,0:03:01,N/A,N/A,N/A,N/A,0:03:22,0:04:25,0:04:26,0:05:27,0:06:45,0:07:55,0:08:55,0:09:55,0:08:30,0:08:50,0:09:01,0:09:25,0:09:45,0:09:55,0:10:30,0:11:00,0:12:22,0:12:15,0:12:55,0:13:01,0:13:26,0:14:01,0:14:45,0:14:50,0:15:00,0:15:02,0:15:22,0:15:25,0:15:32,0:15:40,0:16:12,0:16:16,0:16:29,0:16:30,0:16:58
,,,,,,,,,,,,,,,,,,,,,,,,,,,,,,,,,,,,,,,,,,
LC87,Ground Truth,0:07:22,0:07:23,N/A,N/A,N/A,N/A,0:08:14,0:09:27,0:09:27,0:15:30,0:16:22,0:17:41,N/A,N/A,0:15:30,0:16:22,0:17:41,0:19:00,0:21:12,0:22:02,N/A,0:19:00,0:19:08,0:22:10,0:23:08,0:19:12,0:19:34,0:19:47,0:20:06,0:23:20,0:23:32,0:23:32,0:23:56,0:23:56,0:29:44,N/A,N/A,N/A,N/A,N/A,N/A
LC87,Resident B,0:07:22,0:07:23,N/A,N/A,N/A,N/A,0:08:14,0:09:27,0:09:27,0:15:30,0:16:22,0:17:41,N/A,N/A,0:15:30,0:16:22,0:17:41,0:19:00,0:21:12,0:22:02,N/A,0:19:00,0:19:08,0:22:10,0:23:08,0:19:12,0:19:34,0:19:47,0:20:06,0:23:20,0:23:32,0:23:32,0:23:56,0:23:56,0:29:44,N/A,N/A,N/A,N/A,N/A,N/A
LC87,Layperson 3,0:07:23,0:07:36,N/A,N/A,N/A,N/A,0:09:26,0:09:30,0:09:31,0:13:11,N/A,N/A,N/A,N/A,0:13:11,0:18:59,0:21:11,0:22:01,N/A,N/A,N/A,0:19:00,0:19:08,0:19:10,0:19:34,0:22:09,0:23:08,0:23:27,0:23:32,0:19:47,0:20:10,0:23:32,0:23:49,0:23:50,0:29:44,N/A,N/A,N/A,N/A,N/A,N/A
LC87,AMT34,0:06:10,0:07:20,0:08:10,0:09:20,N/A,N/A,0:10:05,0:12:25,0:13:10,0:14:25,N/A,N/A,N/A,N/A,0:17:10,0:18:30,N/A,N/A,N/A,N/A,0:19:10,0:21:00,0:22:10,0:23:28,0:27:20,0:29:20,0:30:20,0:33:20,0:34:40,0:35:20,0:37:20,0:38:20,0:40:20,0:41:20,0:42:20,N/A,N/A,N/A,N/A,0:42:20,0:42:29
,,,,,,,,,,,,,,,,,,,,,,,,,,,,,,,,,,,,,,,,,,
LC90,Ground Truth,0:08:52,0:08:55,N/A,N/A,N/A,N/A,0:09:37,0:11:19,0:12:34,0:13:12,0:18:17,0:21:29,N/A,N/A,0:17:29,0:18:17,0:28:05,0:33:48,N/A,N/A,0:33:48,0:33:53,0:34:01,0:34:33,0:36:12,0:36:56,0:37:04,0:37:20,0:37:40,0:36:25,0:36:34,0:37:38,0:37:58,0:37:58,0:38:35,0:39:45,0:42:02,N/A,N/A,N/A,N/A
LC90,Resident A,0:08:51,0:08:53,N/A,N/A,N/A,N/A,0:09:36,0:11:18,0:11:18,0:17:38,0:18:11,0:19:52,0:20:01,0:22:00,0:17:18,0:18:11,0:25:03,0:33:43,N/A,N/A,0:33:43,0:33:52,0:34:01,0:34:33,0:36:13,0:36:57,0:37:04,0:37:20,0:37:38,0:36:24,0:36:34,0:37:38,0:37:55,0:37:55,0:38:24,0:39:45,0:42:02,N/A,N/A,N/A,N/A
LC90,Layperson 3,0:05:53,0:08:51,N/A,N/A,N/A,N/A,0:09:33,0:10:20,0:10:20,0:17:32,N/A,N/A,N/A,N/A,0:17:32,0:18:20,0:25:00,0:33:54,N/A,N/A,N/A,0:33:51,0:34:04,0:34:34,0:36:15,0:36:55,0:36:55,0:37:18,0:37:44,0:36:24,0:35:34,0:37:44,0:37:56,0:37:56,0:38:49,0:39:45,0:42:02,N/A,N/A,N/A,N/A
LC90,AMT7,0:07:24,0:10:32,N/A,N/A,N/A,N/A,0:10:32,0:13:23,0:13:23,0:16:08,N/A,N/A,N/A,N/A,0:16:08,0:19:54,N/A,N/A,N/A,N/A,0:19:54,0:19:54,0:22:35,0:22:35,0:25:19,0:25:19,0:29:41,0:29:41,0:33:28,0:33:28,0:36:57,0:36:57,0:38:26,0:38:26,0:41:55,N/A,N/A,N/A,N/A,0:41:55,0:44:06
,,,,,,,,,,,,,,,,,,,,,,,,,,,,,,,,,,,,,,,,,,
LC91,Ground Truth,0:05:04,0:05:06,N/A,N/A,N/A,N/A,0:07:35,0:12:35,0:12:35,0:17:50,0:21:50,0:22:02,N/A,N/A,0:17:50,0:21:50,0:22:02,0:22:37,N/A,N/A,0:22:27,0:22:40,0:22:44,0:24:33,0:25:25,0:22:51,0:22:57,0:23:19,0:23:37,0:25:35,0:25:45,0:25:45,0:26:21,0:26:21,0:31:30,N/A,N/A,N/A,N/A,0:32:39,0:33:20
LC91,Resident D,0:05:02,0:05:07,N/A,N/A,N/A,N/A,0:07:35,0:12:35,0:12:35,0:17:50,0:21:50,0:22:02,N/A,N/A,0:17:50,0:21:50,0:22:02,0:22:37,N/A,N/A,0:22:27,0:22:37,0:22:44,0:24:33,0:25:25,0:22:51,0:22:58,0:23:19,0:23:37,0:25:35,0:25:45,0:25:45,0:26:21,0:26:21,0:31:30,N/A,N/A,N/A,N/A,0:32:39,0:33:20
LC91,Layperson 3,0:05:04,0:05:06,N/A,N/A,N/A,N/A,0:05:29,0:06:07,0:06:07,0:11:19,0:14:30,0:17:45,0:21:34,0:22:02,0:12:48,0:14:29,0:17:46,0:20:40,N/A,N/A,0:20:21,0:22:28,0:22:44,0:24:33,0:25:22,0:22:51,0:22:57,0:23:19,0:23:37,0:25:36,0:25:44,0:25:44,0:26:21,0:26:22,0:31:30,N/A,N/A,N/A,N/A,0:32:40,0:33:20
LC91,AMT22,0:04:04,0:06:24,N/A,N/A,N/A,N/A,0:06:24,0:08:15,0:08:15,0:10:52,N/A,N/A,N/A,N/A,0:10:52,0:13:07,N/A,N/A,N/A,N/A,0:13:07,0:13:07,0:15:48,0:15:48,0:17:16,0:17:16,0:19:49,0:19:49,0:22:44,0:22:44,0:25:33,0:25:33,0:29:19,0:29:19,0:32:05,N/A,N/A,N/A,N/A,0:32:05,0:34:41